Date,return,vol_ratio,ret_z,vol_z,intraday_range,close_open_ret,flag_vol_return,flag_bollinger,z_band,z_intensity,binary_flags,rule_score
2020-07-02,-0.0620155038759689,1.32266308658979,-1.708683616802166,1.6163056987262632,0.3599999999999999,-0.0668380462724936,False,False,Medium,0.7572363473351383,0.0,0.2650327215672984
2020-07-03,0.0027548209366392,0.3231680690990019,0.1067373410606879,-0.7211165919555742,0.1200000000000001,-0.0108695652173913,False,False,Medium,0.0,0.0,0.0
2020-07-06,0.0109890109890109,0.3036334760524004,0.326946354868924,-0.7602211619845722,0.25,-0.0054054054054054,False,False,Medium,0.0,0.0,0.0
2020-07-07,-0.0597826086956522,2.1793721670950275,-1.6308571256508702,3.7126490460081376,0.3799999999999999,-0.0648648648648649,True,False,High,1.0,0.3333333333333333,0.8166666666666667
2020-07-08,-0.0317919075144508,0.5148344876736924,-0.8494399882674527,-0.2027227376866884,0.1400000000000001,-0.0289855072463768,False,False,Medium,0.04119999022287722,0.0,0.014419996578007027
2020-07-09,0.0686567164179103,0.5034595745230617,1.897274231997741,-0.2190462694588347,0.2000000000000001,0.0529411764705882,False,False,Medium,0.9143951933314508,0.0,0.32003831766600777
2020-07-10,-0.0335195530726257,0.4436965603713795,-0.8968776702990657,-0.3593207665618863,0.1200000000000001,-0.0308123249299719,False,False,Medium,0.08073139191588807,0.0,0.028255987170560822
2020-07-13,0.0,0.2512220292276105,0.0236143486214186,-0.852847361570165,0.1099999999999998,-0.0114285714285714,False,False,Medium,0.0,0.0,0.0
2020-07-14,-0.0115606936416184,0.2459987945656252,-0.2944426285684534,-0.8783105589591139,0.0700000000000002,-0.0086956521739131,False,False,Medium,0.0,0.0,0.0
2020-07-15,-0.0058479532163743,0.2997846753337858,-0.1351505620685777,-0.75900455668835,0.0900000000000003,-0.0116279069767441,False,False,Medium,0.0,0.0,0.0
2020-07-16,-0.0147058823529411,0.4008625367249099,-0.3739867776396611,-0.5448104847844215,0.08,-0.0147058823529411,False,False,Medium,0.0,0.0,0.0
2020-07-17,0.0149253731343284,0.3726923430649589,0.4446513645888174,-0.6223552157852331,0.0900000000000003,0.0149253731343283,False,False,Medium,0.0,0.0,0.0
2020-07-20,-0.0294117647058823,0.6042648173214772,-0.7642257483923816,-0.1451807409837591,0.1099999999999998,-0.0236686390532544,False,False,Medium,0.0,0.0,0.0
2020-07-21,-0.0030303030303029,0.2898223894564837,-0.0484900051965589,-0.8467279693101435,0.1,-0.0090361445783131,False,False,Medium,0.0,0.0,0.0
2020-07-22,-0.0243161094224924,0.4840783309357274,-0.6492177673915001,-0.4452118226037173,0.08,-0.0243161094224924,False,False,Medium,0.0,0.0,0.0
2020-07-23,-0.02803738317757,0.5609608557288273,-0.7606206346684099,-0.3011659067825867,0.1899999999999999,-0.02803738317757,False,False,Medium,0.0,0.0,0.0
2020-07-24,-0.0576923076923077,0.8335821416124032,-1.564698810968962,0.2173083436970504,0.1999999999999997,-0.0546623794212218,False,False,Medium,0.6372490091408016,0.0,0.22303715319928055
2020-07-27,-0.0680272108843537,1.093300893413516,-1.8105765241200524,0.6944363422371451,0.0499999999999998,-0.0036363636363635,False,False,Medium,0.8421471034333771,0.0,0.29475148620168196
2020-07-28,0.0693430656934306,0.6037015850231127,1.9263960225348995,-0.2940231923895686,0.2600000000000002,0.0973782771535581,False,False,Medium,0.9386633521124162,0.0,0.3285321732393457
2020-07-29,-0.0511945392491468,0.5545221037932927,-1.316058891817525,-0.4223917233165621,0.1,-0.0071428571428571,False,False,Medium,0.43004907651460406,0.0,0.15051717678011142
2020-07-30,-0.0035971223021582,0.2853960637133615,-0.0369895174955866,-0.9469285380463096,0.06,-0.007168458781362,False,False,Medium,0.0,0.0,0.0
2020-07-31,-0.0252707581227435,0.4359649246803673,-0.6138489364631995,-0.6940358770527998,0.0799999999999996,0.0074626865671641,False,False,Medium,0.0,0.0,0.0
2020-08-03,0.0444444444444442,0.3702172529242565,1.253630464147152,-0.8329577095172143,0.1499999999999999,0.0522388059701491,False,False,Medium,0.37802538678929337,0.0,0.13230888537625268
2020-08-04,0.0106382978723404,0.3567028183463656,0.3423953508343488,-0.8866312955408138,0.0899999999999998,-0.0172413793103447,False,False,Medium,0.0,0.0,0.0
2020-08-05,-0.0035087719298246,0.3819130663932197,-0.0368000538758736,-0.8814611855189547,0.0899999999999998,-0.0035087719298246,False,False,Medium,0.0,0.0,0.0
2020-08-06,-0.0140845070422535,0.4024759665698663,-0.3140797768200958,-0.870960093665917,0.0499999999999998,-0.0070921985815602,False,False,Medium,0.0,0.0,0.0
2020-08-07,0.017857142857143,0.6571747551012129,0.5362319913884184,-0.5895903445193993,0.1600000000000001,0.025179856115108,False,False,Medium,0.0,0.0,0.0
2020-08-10,0.0210526315789474,0.5895548332283778,0.6239451763852799,-0.7013685607714121,0.06,0.0069204152249135,False,False,Medium,0.0,0.0,0.0
2020-08-11,0.0,0.4452607392838755,0.0579814894510003,-0.916891725152043,0.0700000000000002,0.0,False,False,Medium,0.0,0.0,0.0
2020-08-12,-0.0103092783505155,0.51213498980067,-0.2214582500449514,-0.8978816763862841,0.04,-0.0136986301369863,False,False,Medium,0.0,0.0,0.0
2020-08-13,0.0138888888888888,0.5034646365144592,0.4153006792237634,-0.9325802627208588,0.04,0.0,False,False,Medium,0.0,0.0,0.0
2020-08-14,-0.0136986301369863,0.5884725477464923,-0.3272098161125272,-0.8419776806931429,0.0500000000000002,-0.0170648464163823,False,False,Medium,0.0,0.0,0.0
2020-08-17,0.0,0.3616688667028925,0.0423613975840013,-1.075887746248193,0.0300000000000002,-0.0034602076124568,False,False,Medium,0.0,0.0,0.0
2020-08-18,0.0,0.4588328908688583,0.0479053611750315,-1.0484119239085057,0.0500000000000002,0.0,False,False,Medium,0.0,0.0,0.0
2020-08-19,-0.003472222222222,0.5323754563026096,-0.0517043376473995,-0.9908178394683556,0.0299999999999998,-0.0069204152249135,False,False,Medium,0.0,0.0,0.0
2020-08-20,-0.0034843205574913,0.469780497709921,-0.051240100659585,-1.0531484648407614,0.04,-0.0069444444444444,False,False,Medium,0.0,0.0,0.0
2020-08-21,0.006993006993007,0.4558122826234499,0.2415849075442886,-1.061789582458161,0.04,0.006993006993007,False,False,Medium,0.0,0.0,0.0
2020-08-24,0.0104166666666667,1.1737004522650916,0.3549176444201862,-0.4859014326500923,0.04,0.003448275862069,False,False,Medium,0.0,0.0,0.0
2020-08-25,0.0171821305841923,0.8837123278512663,0.5437416408543319,-0.6971898909440813,0.0699999999999998,0.0068027210884353,False,False,Medium,0.0,0.0,0.0
2020-08-26,-0.010135135135135,0.6223869924281011,-0.2257033937242111,-0.9025127594988236,0.04,-0.0134680134680134,False,False,Medium,0.0,0.0,0.0
2020-08-27,0.0102389078498292,0.5575807620377817,0.3314659000386048,-0.9472245396056465,0.04,0.0136986301369863,False,False,Medium,0.0,0.0,0.0
2020-08-28,0.0,0.6701260695326952,0.0428868063314121,-0.8530117436534285,0.0299999999999998,0.0,False,False,Medium,0.0,0.0,0.0
2020-08-31,0.0135135135135135,1.2904036285631515,0.4158708540351071,-0.3889768363788861,0.0499999999999998,0.0135135135135135,False,False,Medium,0.0,0.0,0.0
2020-09-01,0.07,2.8734792720277094,1.9911736647496625,0.9755257674543056,0.2000000000000001,0.0664451827242525,True,True,Medium,0.9926447206247188,1.0,1.0
2020-09-03,-0.0093457943925232,1.691311224532254,-0.2610623132330711,0.0350520451295281,0.1599999999999997,-0.0363636363636362,False,True,Medium,0.0,0.6666666666666666,0.5833333333333334
2020-09-04,-0.0251572327044025,0.8964158302559041,-0.6995117906938445,-0.6254659922722261,0.1200000000000001,0.0,False,False,Medium,0.0,0.0,0.0
2020-09-07,-0.0064516129032258,1.2530475434282171,-0.155445746908309,-0.358728387425557,0.1499999999999999,-0.019108280254777,False,False,Medium,0.0,0.0,0.0
2020-09-08,0.0064935064935065,0.8958022901582888,0.2245569821087328,-0.6744635685935826,0.0900000000000003,-0.0095846645367411,False,False,Medium,0.0,0.0,0.0
2020-09-09,0.0032258064516128,0.6239772600558018,0.1147383225033892,-0.875619080850276,0.08,0.019672131147541,False,False,Medium,0.0,0.0,0.0
2020-09-10,0.0,0.8679939172639983,0.0120913463496772,-0.7071970504119174,0.0500000000000002,-0.0032051282051282,False,False,Medium,0.0,0.0,0.0
2020-09-11,0.0032154340836012,0.8466295164623968,0.0906915514243053,-0.7084626919702818,0.0700000000000002,0.0162866449511401,False,False,Medium,0.0,0.0,0.0
2020-09-14,-0.0128205128205128,2.0754120042766293,-0.3974023326425603,0.2019853625364918,0.04,0.0,False,False,Medium,0.0,0.0,0.0
2020-09-15,0.0,1.08472852919318,-0.0004799682683814,-0.5094565309714131,0.08,0.003257328990228,False,False,Medium,0.0,0.0,0.0
2020-09-16,0.0,0.6822914657196606,-0.017738694572349,-0.794034186814997,0.06,-0.0064516129032258,False,False,Medium,0.0,0.0,0.0
2020-09-17,-0.0032467532467532,1.1292828057458628,-0.137426019297095,-0.4533943969684035,0.04,-0.0064724919093851,False,False,Medium,0.0,0.0,0.0
2020-09-18,0.0,0.858910042549092,-0.0537704586562566,-0.6485935347150558,0.0299999999999998,0.0,False,False,Medium,0.0,0.0,0.0
2020-09-21,0.0,0.8735811519584038,-0.073427379377575,-0.633848614684731,0.04,-0.0032467532467533,False,False,Medium,0.0,0.0,0.0
2020-09-22,-0.006514657980456,0.9899131246520946,-0.2719740476751064,-0.541746325275057,0.02,-0.0032679738562092,False,False,Medium,0.0,0.0,0.0
2020-09-23,0.0327868852459016,1.7963896420110514,1.0703135567441386,0.0821492661915499,0.1500000000000003,0.0327868852459016,False,False,Medium,0.22526129728678218,0.0,0.07884145405037375
2020-09-24,0.0,1.2996852321466703,-0.0264620027153698,-0.2645107611622516,0.06,-0.0031645569620253,False,False,Medium,0.0,0.0,0.0
2020-09-25,0.015873015873016,1.7209738183129466,0.5149205917903835,0.1086313939138911,0.0900000000000003,0.0158730158730159,False,False,Medium,0.0,0.3333333333333333,0.3666666666666667
2020-09-28,0.0687499999999998,4.452154855287861,2.313026531130037,2.676506209962638,0.1999999999999997,0.0621118012422359,True,True,High,1.0,1.0,1.0
2020-09-29,0.0087719298245614,3.639322498032129,0.2612662979310116,2.282331723200326,0.2399999999999997,-0.0142857142857142,False,True,High,1.0,0.6666666666666666,1.0
2020-09-30,-0.0057971014492753,1.073290286567831,-0.254860856002573,-0.1650427437348438,0.1999999999999997,0.0029239766081872,False,False,Medium,0.0,0.0,0.0
2020-10-01,-0.0116618075801749,0.9779227952120798,-0.4542522412427996,-0.2423910251994701,0.1399999999999996,-0.0116618075801749,False,False,Medium,0.0,0.0,0.0
2020-10-02,0.0648967551622419,3.625140073692352,2.1456182738541325,2.7616153511362205,0.2800000000000002,0.0617647058823529,True,True,High,1.0,1.0,1.0
2020-10-05,0.0526315789473683,3.0698627345844502,1.7032496743318195,2.414477245295287,0.2399999999999997,0.0410958904109588,True,True,High,1.0,1.0,1.0
2020-10-06,0.0657894736842106,3.002242961050001,2.0897550386017394,2.539008480735593,0.2799999999999998,0.0492227979274611,True,True,High,1.0,1.0,1.0
2020-10-07,0.0370370370370372,2.4843414398498216,1.1211474076643304,2.059638578039397,0.3799999999999999,0.0370370370370371,True,True,High,1.0,1.0,1.0
2020-10-08,-0.0476190476190476,1.4293770764267082,-1.6461809621280232,0.7368476669331583,0.2999999999999998,-0.0476190476190476,False,False,Medium,0.7051508017733527,0.0,0.2468027806206734
2020-10-09,-0.05,1.5818845365396024,-1.7307401832261171,1.030031058948771,0.2999999999999998,-0.0379746835443038,False,False,Medium,0.7756168193550976,0.3333333333333333,0.6381325534409508
2020-10-12,0.063157894736842,1.5746225319317395,1.9451203608052927,1.100418733344906,0.3399999999999994,0.0520833333333333,False,False,Medium,0.954266967337744,0.3333333333333333,0.700660105234877
2020-10-13,0.0618811881188119,1.8134583989944828,1.859332734088318,1.539893501201682,0.3400000000000003,0.0566502463054188,True,False,Medium,0.8827772784069315,0.6666666666666666,0.8923053807757594
2020-10-14,-0.0442890442890443,1.011716144341842,-1.4975787836807055,0.2910592614052758,0.3000000000000007,-0.0375586854460094,False,False,Medium,0.5813156530672546,0.0,0.2034604785735391
2020-10-15,0.051219512195122,2.0867407497476647,1.4929290291667194,2.0143533878049444,0.3799999999999999,0.0486618004866178,True,False,High,1.0,0.6666666666666666,1.0
2020-10-16,-0.0185614849187932,0.643839401150169,-0.6872512933506577,-0.2361562669199334,0.1699999999999999,-0.0139860139860138,False,False,Medium,0.0,0.0,0.0
2020-10-19,0.0047281323877068,0.3714763425570826,0.0402832107154376,-0.6707704903097177,0.1299999999999999,0.0,False,False,Medium,0.0,0.0,0.0
2020-10-20,-0.0023529411764705,0.3465069073710358,-0.1981943160041399,-0.6973225842636438,0.1099999999999994,-0.0023529411764705,False,False,Medium,0.0,0.0,0.0
2020-10-21,-0.0235849056603775,0.5351008877164731,-0.8610839168252513,-0.3971092710872611,0.1699999999999999,-0.0258823529411765,False,False,Medium,0.05090326402104273,0.0,0.017816142407364954
2020-10-22,-0.0144927536231883,0.4602552576202974,-0.5647312949758664,-0.5159280841881914,0.0699999999999994,-0.0097087378640776,False,False,Medium,0.0,0.0,0.0
2020-10-23,0.0686274509803921,1.3275655488200404,2.0097865069133043,0.9381457959800444,0.1699999999999999,0.0356294536817103,False,False,High,1.0,0.0,0.44999999999999996
2020-10-26,-0.0481651376146788,1.2793946568799706,-1.588365445310322,0.884007738928998,0.3999999999999994,-0.0736607142857142,False,False,Medium,0.6569712044252684,0.0,0.2299399215488439
2020-10-27,-0.0289156626506024,1.1057976985324565,-0.9843511596454244,0.625675631319374,0.2400000000000002,-0.0289156626506024,False,False,Medium,0.15362596637118697,0.0,0.05376908822991544
2020-10-28,0.0669975186104216,1.109194756291186,1.9039815855891171,0.6773764162784083,0.3599999999999994,0.0886075949367087,False,False,Medium,0.9199846546575976,0.0,0.32199462913015914
2020-10-29,-0.0348837209302324,0.3388573234418922,-1.1550132926804626,-0.6922492417087498,0.1999999999999993,-0.0235294117647058,False,False,Medium,0.29584441056705213,0.0,0.10354554369846825
2020-10-30,0.0072289156626503,0.9121520580685598,0.1107253048467614,0.3545508618245439,0.1900000000000004,0.0023980815347721,False,False,Medium,0.0,0.0,0.0
2020-11-02,0.0693779904306219,2.00985928846407,1.9277196586513503,2.483224904107463,0.2599999999999998,0.0395348837209302,True,False,High,1.0,0.3333333333333333,0.8166666666666667
2020-11-03,0.0089485458612974,0.7803083398561528,0.1380542557184594,0.1853318606231162,0.1999999999999993,-0.013129102844639,False,False,Medium,0.0,0.0,0.0
2020-11-04,0.0665188470066517,1.1990271344258403,1.7990724817398351,1.0208274064296874,0.3000000000000007,0.0502183406113536,False,False,Medium,0.8325604014498627,0.0,0.2913961405074519
2020-11-05,-0.0415800415800414,0.5998343944770945,-1.3302955185576943,-0.1475129145301395,0.2199999999999997,-0.0355648535564853,False,False,Medium,0.4419129321314119,0.0,0.15466952624599417
2020-11-06,0.0694143167028198,1.2026820058294443,1.83754549261936,1.0741888112044593,0.33,0.0717391304347826,False,True,Medium,0.8646212438494666,0.3333333333333333,0.66928410201398
2020-11-09,-0.0263691683569979,2.078850989055693,-0.8878478743004092,2.78148536641553,0.5700000000000003,-0.02834008097166,True,False,High,1.0,0.3333333333333333,0.8166666666666667
2020-11-10,-0.0604166666666666,2.347664900558696,-1.816216342740372,3.2736751232286068,0.5999999999999996,-0.108695652173913,True,False,High,1.0,0.3333333333333333,0.8166666666666667
2020-11-11,0.0088691796008868,1.506881688256829,0.1249405699022893,1.7053618884421728,0.4799999999999995,-0.0065502183406114,False,False,Medium,0.7544682403684774,0.0,0.2640638841289671
2020-11-12,-0.0505494505494504,1.5442358405909529,-1.5169904821502669,1.8607091387291668,0.3099999999999996,-0.0505494505494504,False,False,Medium,0.8839242822743056,0.0,0.30937349879600695
2020-11-13,0.0694444444444444,2.161124713010445,1.7773213052567216,3.076199024598458,0.2999999999999998,0.0694444444444443,True,False,High,1.0,0.3333333333333333,0.8166666666666667
2020-11-16,-0.0476190476190475,1.9862122660857304,-1.4076634763756175,2.694485544800615,0.4000000000000003,-0.0557939914163089,True,False,High,1.0,0.3333333333333333,0.8166666666666667
2020-11-17,0.0022727272727272,0.4009714267412222,-0.0370275483900584,-0.512313298566971,0.1500000000000003,-0.0067567567567568,False,False,Medium,0.0,0.0,0.0
2020-11-18,-0.002267573696145,0.4448344061092653,-0.1679635536713686,-0.4483387447342528,0.1300000000000007,-0.002267573696145,False,False,Medium,0.0,0.0,0.0
2020-11-19,-0.0227272727272728,1.049151636233824,-0.7270636393363842,0.6939945524440656,0.1299999999999999,-0.0227272727272728,False,False,Medium,0.0,0.0,0.0
2020-11-20,-0.025581395348837,1.589892007274199,-0.7948942164087939,1.7483008146473766,0.2000000000000001,-0.025581395348837,False,False,Medium,0.7902506788728139,0.0,0.27658773760548483
2020-11-23,0.0310262529832934,0.3754071214247916,0.759946376975795,-0.586905698554794,0.1699999999999999,0.0285714285714285,False,False,Medium,0.0,0.0,0.0
2020-11-24,-0.0069444444444445,0.463371225775268,-0.2697816565088655,-0.4340819489493169,0.1200000000000001,0.0094117647058823,False,False,Medium,0.0,0.0,0.0
2020-11-25,-0.0116550116550115,0.6366650610150564,-0.4053573777730607,-0.1137537597826574,0.1399999999999996,-0.0093457943925233,False,False,Medium,0.0,0.0,0.0
2020-11-26,-0.0023584905660376,0.2884805415245627,-0.1476912193877504,-0.7633471575515829,0.0699999999999994,0.0,False,False,Medium,0.0,0.0,0.0
2020-11-27,0.0,0.328266607394183,-0.0826067933743421,-0.6863103681739842,0.08,0.0,False,False,Medium,0.0,0.0,0.0
2020-11-30,-0.0023640661938535,0.3507146561350575,-0.1417785577292697,-0.634585524467257,0.04,-0.0047169811320755,False,False,Medium,0.0,0.0,0.0
2020-12-01,-0.0142180094786729,0.5083323941923632,-0.4688139012847952,-0.3423790945516234,0.1000000000000005,0.0024096385542168,False,False,Medium,0.0,0.0,0.0
2020-12-02,0.0048076923076922,0.371892644313575,0.0696003228167055,-0.5768998319878564,0.08,0.0048076923076922,False,False,Medium,0.0,0.0,0.0
2020-12-03,0.0215311004784688,0.5043863475184424,0.5427619086737009,-0.3308362723770323,0.1399999999999996,0.0239808153477217,False,False,Medium,0.0,0.0,0.0
2020-12-04,-0.0140515222482434,0.4086368204618288,-0.4553113125921172,-0.5091842338378456,0.0899999999999998,-0.0140515222482434,False,False,Medium,0.0,0.0,0.0
2020-12-07,0.009501187648456,0.5278738893728822,0.2184380281144358,-0.3111574808231032,0.0799999999999991,0.0,False,False,Medium,0.0,0.0,0.0
2020-12-08,0.0282352941176471,0.6831450582395369,0.7530318553147419,-0.051710052451781,0.1499999999999994,0.0162790697674419,False,False,Medium,0.0,0.0,0.0
2020-12-09,-0.0068649885583524,0.4821897994291245,-0.2291593409357347,-0.3947558091707128,0.0999999999999996,-0.011389521640091,False,False,Medium,0.0,0.0,0.0
2020-12-10,-0.0138248847926266,0.4623964217382721,-0.4233314732483467,-0.4116873909315802,0.1500000000000003,-0.0092592592592592,False,False,Medium,0.0,0.0,0.0
2020-12-11,-0.0070093457943926,0.4087026059513297,-0.221926891386379,-0.5041805753582793,0.0699999999999994,-0.0023474178403755,False,False,Medium,0.0,0.0,0.0
2020-12-14,0.0023529411764704,0.4092622710607891,0.046196220740306,-0.526330632672946,0.0700000000000002,0.0023529411764705,False,False,Medium,0.0,0.0,0.0
2020-12-15,0.0140845070422537,0.9673202166349052,0.3705522827105226,0.388634826629415,0.2199999999999997,0.0140845070422536,False,False,Medium,0.0,0.0,0.0
2020-12-16,0.0,0.4955037773493839,-0.0604598807873947,-0.3955059200679554,0.08,-0.0159453302961274,False,False,Medium,0.0,0.0,0.0
2020-12-17,-0.0046296296296297,0.4815104782735975,-0.183520789982628,-0.4084691472286937,0.0700000000000002,-0.0069284064665127,False,False,Medium,0.0,0.0,0.0
2020-12-18,-0.011627906976744,0.7306104156751536,-0.4152160656560444,-0.021930229265338,0.08,-0.0162037037037037,False,False,Medium,0.0,0.0,0.0
2020-12-21,0.0047058823529411,0.7085096473059885,0.0882271874104696,-0.126119277124003,0.0999999999999996,-0.0069767441860465,False,False,Medium,0.0,0.0,0.0
2020-12-22,0.0374707259953162,1.858991094223607,1.0871675805564187,1.4630999963380376,0.2699999999999996,0.0423529411764705,True,True,Medium,0.5525833302816979,0.6666666666666666,0.7767374989319277
2020-12-23,0.0022573363431153,1.2028369559999266,-0.0101844272308726,0.506260555122486,0.1699999999999999,-0.0133333333333332,False,True,Medium,0.0,0.3333333333333333,0.3666666666666667
2020-12-24,-0.0382882882882884,0.6995100758528443,-1.2704975985777895,-0.2671500278466704,0.2400000000000002,-0.0404494382022473,False,False,Medium,0.39208133214815793,0.0,0.13722846625185528
2020-12-25,0.0070257611241217,0.8928405344218028,0.1587879130596084,-0.110236351469543,0.1499999999999994,0.0023310023310022,False,False,Medium,0.0,0.0,0.0
2020-12-28,0.0,1.0923859270396636,-0.0731520541368024,0.0221819915247532,0.1200000000000001,-0.0227272727272728,False,False,Medium,0.0,0.0,0.0
2020-12-29,0.0116279069767442,1.0725348722083865,0.2942139966712586,0.0072439911734561,0.1200000000000001,0.0116279069767441,False,False,Medium,0.0,0.0,0.0
2020-12-30,0.0298850574712645,1.980998513106353,0.8628158704217302,1.134897735533673,0.2599999999999998,0.0228310502283106,True,True,Medium,0.27908144627806075,0.6666666666666666,0.6810118395306546
2020-12-31,0.0156249999999997,1.3105672485350242,0.4037529140861813,0.2958020000616235,0.1600000000000001,-0.0021929824561403,False,True,Medium,0.0,0.3333333333333333,0.3666666666666667
2021-01-04,0.0109890109890109,1.462020862797302,0.2499268825159354,0.3857669119055126,0.1200000000000001,-0.0191897654584223,False,True,Medium,0.0,0.3333333333333333,0.3666666666666667
2021-01-05,-0.0239130434782607,1.7028839247989414,-0.8477423510878351,0.7152700932466266,0.1199999999999992,-0.0066371681415927,False,False,Medium,0.03978529257319591,0.0,0.013924852400618566
2021-01-06,-0.0222717149220491,1.9257548273537808,-0.798941301315607,1.0508611605252995,0.1500000000000003,-0.0244444444444445,True,False,Medium,0.20905096710441626,0.3333333333333333,0.4398345051532123
2021-01-07,0.0091116173120728,1.1371139983363583,0.1952565407116862,0.0933965859448617,0.1699999999999999,0.0114155251141552,False,False,Medium,0.0,0.0,0.0
2021-01-08,0.0022573363431153,1.053161559370672,-0.0297140124779454,0.0133165034535965,0.1200000000000001,-0.0089285714285714,False,False,Medium,0.0,0.0,0.0
2021-01-11,0.0698198198198196,2.467990257937369,2.068683075812272,1.942723852653305,0.2800000000000002,0.0532150776053215,True,True,High,1.0,0.6666666666666666,1.0
2021-01-12,0.0568421052631578,1.6496183258314123,1.6384333560592408,0.94423882642619,0.2199999999999997,0.006012024048096,False,True,Medium,0.6986944633827007,0.6666666666666666,0.8278763955172787
2021-01-13,-0.0219123505976094,1.9213083181857529,-0.8778988867267314,1.4066170009921446,0.3200000000000003,-0.0219123505976094,True,True,Medium,0.5055141674934538,0.6666666666666666,0.7602632919560423
2021-01-14,0.0040733197556006,1.431420385047879,-0.0238264828709331,0.771435696328599,0.2299999999999995,0.0040733197556007,False,False,Medium,0.0,0.0,0.0
2021-01-15,0.0507099391480729,1.6479364381440884,1.485756852529745,1.1505642136328325,0.2299999999999995,0.0359999999999999,False,True,Medium,0.5714640437747875,0.6666666666666666,0.783345748654509
2021-01-18,0.0694980694980695,1.4962145843035328,2.0485511255108526,0.9852637761099394,0.0899999999999998,0.0072727272727272,False,True,High,1.0,0.3333333333333333,0.8166666666666667
2021-01-19,-0.0469314079422382,2.2978433078981437,-1.7034299069282526,2.363511415671546,0.54,-0.0736842105263157,True,False,High,1.0,0.6666666666666666,1.0
2021-01-20,-0.0284090909090909,1.8513744253573643,-1.0902567410938218,1.724928653263756,0.4800000000000004,-0.05,True,False,Medium,0.7707738777197967,0.3333333333333333,0.6364375238685955
2021-01-21,0.0682261208576999,1.2980539052852162,1.9710363270198852,0.8553280645522365,0.3100000000000005,0.0359168241965974,False,False,Medium,0.9758636058499043,0.0,0.34155226204746647
2021-01-22,0.0693430656934306,3.052423344627436,1.9554555663369,4.00593615718142,0.3000000000000007,0.0464285714285715,True,True,High,1.0,1.0,1.0
2021-01-25,0.069965870307167,1.6961857768699335,1.9254886093391697,1.746136027226725,0.3599999999999994,0.0537815126050419,False,True,Medium,0.937907174449308,0.6666666666666666,0.9116008443905912
2021-01-26,0.0685805422647529,1.682563583260918,1.843671641045287,1.8222172582000464,0.7000000000000002,0.0634920634920635,False,True,Medium,0.8697263675377391,0.6666666666666666,0.8877375619715421
2021-01-27,0.0671641791044777,2.109226921069232,1.766571104189959,2.698992132371041,0.7599999999999998,0.0687593423019432,True,True,High,1.0,1.0,1.0
2021-01-28,-0.0699300699300699,1.27432578920536,-2.263719108560761,1.1689155326284324,0.3499999999999996,0.0,False,False,High,1.0,0.0,0.44999999999999996
2021-01-29,-0.0691729323308271,2.3274042202657133,-2.184253638398628,3.360093920275365,0.2099999999999999,0.0,True,False,High,1.0,0.3333333333333333,0.8166666666666667
2021-02-01,-0.0694668820678514,1.2229156757803472,-2.1309040398869903,1.1914721162846935,0.8100000000000005,-0.0557377049180327,False,False,High,1.0,0.0,0.44999999999999996
2021-02-02,0.0694444444444444,1.071127089951155,1.7363278755447775,0.91419462211627,0.7599999999999998,0.0694444444444445,False,False,Medium,0.7802732296206479,0.0,0.2730956303672268
2021-02-03,0.0064935064935065,0.7510965378078795,-0.0153002622206655,0.2174048541945835,0.25,-0.029733959311424,False,False,Medium,0.0,0.0,0.0
2021-02-04,-0.0161290322580646,0.4332935678946482,-0.6395928273334291,-0.460548404974923,0.4199999999999999,-0.0097402597402598,False,False,Medium,0.0,0.0,0.0
2021-02-05,0.0688524590163934,1.1772411307380226,1.6829671531681316,1.1377629185183773,0.4799999999999995,0.063621533442088,False,False,Medium,0.735805960973443,0.0,0.257532086340705
2021-02-08,-0.0644171779141103,1.135526021316393,-1.9291537253180564,1.091058038759733,0.7599999999999998,-0.0827067669172933,False,False,Medium,0.940961437765047,0.0,0.3293365032177664
2021-02-09,0.0475409836065574,0.4188708678570806,1.0804197660663446,-0.4905872096824625,0.3599999999999994,0.0475409836065573,False,False,Medium,0.23368313838862048,0.0,0.08178909843601716
2021-02-17,0.0485133020344288,0.7214586068580594,1.0924848890674028,0.1823802061754564,0.4400000000000004,0.0468749999999999,False,False,Medium,0.243737407556169,0.0,0.08530809264465915
2021-02-18,-0.0597014925373134,1.1471789117189557,-1.7610825319614472,1.1374010534139098,0.4199999999999999,-0.0526315789473685,False,False,Medium,0.8009021099678726,0.0,0.2803157384887554
2021-02-19,-0.0349206349206349,0.5047132655608214,-1.0968650472202943,-0.3175797824164211,0.3200000000000003,-0.0271999999999999,False,False,Medium,0.24738753935024524,0.0,0.08658563877258584
2021-02-22,0.0394736842105263,0.497623840147381,0.8494497199127855,-0.3461239191667445,0.2099999999999999,0.0276422764227642,False,False,Medium,0.04120809992732122,0.0,0.014422834974562425
2021-02-23,-0.0268987341772152,0.6931218735111769,-0.8810695549012186,0.084942919766307,0.3400000000000007,-0.0314960629921258,False,False,Medium,0.06755796241768217,0.0,0.023645286846188756
2021-02-24,-0.0162601626016261,0.4671760252317337,-0.5958795047761717,-0.4468777101715166,0.2199999999999997,-0.032,False,False,Medium,0.0,0.0,0.0
2021-02-25,0.0082644628099173,0.3297356737747818,0.0579351235323861,-0.7527580947009466,0.1299999999999999,0.0016420361247947,False,False,Medium,0.0,0.0,0.0
2021-02-26,0.0311475409836066,0.560565225560061,0.6522440575711423,-0.2379407906286226,0.3499999999999996,0.0483333333333333,False,False,Medium,0.0,0.0,0.0
2021-03-01,0.0333863275039745,0.6828722563449185,0.6990102480271012,0.0002381151550668,0.2800000000000002,0.0317460317460317,False,False,Medium,0.0,0.0,0.0
2021-03-02,-0.0615384615384615,0.6257051875248933,-1.7705105501860805,-0.1435719559676347,0.4199999999999999,-0.0615384615384615,False,False,Medium,0.8087587918217337,0.0,0.28306557713760677
2021-03-03,0.0688524590163934,0.8601789335953322,1.5947620591262492,0.3502218741567867,0.3699999999999992,0.0499194847020933,False,False,Medium,0.662301715938541,0.0,0.23180560057848934
2021-03-04,0.0046012269938651,0.9390358285223388,-0.0609463853837904,0.5209478561436327,0.3899999999999997,-0.0120663650075414,False,False,Medium,0.0,0.0,0.0
2021-03-05,-0.0381679389312976,0.630653776704774,-1.148396839160124,-0.1888934796717608,0.3699999999999992,-0.0292758089368259,False,False,Medium,0.29033069930010336,0.0,0.10161574475503617
2021-03-08,0.0079365079365079,0.3374134270604223,0.0319944454689822,-0.8566175500419215,0.1900000000000004,-0.0200617283950618,False,False,Medium,0.0,0.0,0.0
2021-03-09,0.0236220472440944,0.6153665589113064,0.4262796474350611,-0.2966196375387305,0.33,0.0220125786163521,False,False,Medium,0.0,0.0,0.0
2021-03-10,0.0138461538461538,0.6066521873189571,0.1727427221417848,-0.3532365084915068,0.2000000000000001,0.0138461538461538,False,False,Medium,0.0,0.0,0.0
2021-03-11,0.0045523520485584,1.1735839293135248,-0.066463850763234,0.823283974745551,0.33,0.0263565891472868,False,False,Medium,0.019403312287959162,0.0,0.006791159300785707
2021-03-12,0.0422960725075529,1.0073168427509376,0.888680955127685,0.3587315106881011,0.2300000000000004,0.0,False,False,Medium,0.07390079593973745,0.0,0.025865278578908104
2021-03-15,0.0695652173913041,1.5440408316701877,1.5548708090677938,1.4095249979964397,0.2299999999999995,0.0278551532033426,False,True,Medium,0.6290590075564949,0.6666666666666666,0.8035039859781066
2021-03-16,0.043360433604336,1.51014157049476,0.8800433609818865,1.313558245191191,0.2999999999999998,0.001300390117035,False,True,Medium,0.4279652043259924,0.6666666666666666,0.7331211548474307
2021-03-17,-0.0649350649350649,2.293703344817686,-1.814146222650372,2.798293823197713,0.6200000000000001,-0.0526315789473683,True,False,High,1.0,0.3333333333333333,0.8166666666666667
2021-03-18,0.0416666666666667,1.0060036037319666,0.8352134022426162,0.2572182328932806,0.5099999999999998,0.031636863823934,False,False,Medium,0.029344501868846795,0.0,0.010270575654096378
2021-03-19,0.0693333333333332,1.2458083998301328,1.4942137627425571,0.6033338010223563,0.6299999999999999,0.0707610146862482,False,True,Medium,0.5785114689521309,0.3333333333333333,0.5691456807999125
2021-03-22,0.0698254364089776,2.120799471386189,1.481489151858498,2.260093301272096,0.3800000000000008,0.033734939759036,True,True,High,1.0,1.0,1.0
2021-03-23,0.0699300699300697,2.0263585656271967,1.4832741023239877,2.1405534750345967,0.5800000000000001,0.0455580865603645,True,True,High,1.0,1.0,1.0
2021-03-24,0.0664488017429192,1.849431174600364,1.375522242559039,1.893012703936984,0.91,0.0758241758241757,True,True,Medium,0.9108439199474866,1.0,1.0
2021-03-25,0.0674157303370786,2.260886258120446,1.3738419367515358,2.84689862819796,1.09,0.0999999999999999,True,True,High,1.0,1.0,1.0
2021-03-26,0.0574162679425838,2.077595063078854,1.1153827427085827,2.5204876662354048,1.0500000000000007,0.0574162679425838,True,True,High,1.0,1.0,1.0
2021-03-29,0.0678733031674208,1.4855033930724706,1.36367632900019,1.3531387887839847,0.6000000000000014,0.0350877192982456,False,True,Medium,0.46973027416682506,0.3333333333333333,0.5310722626250555
2021-03-30,0.0677966101694913,1.7851036515046488,1.3539746185609849,2.0833910401974958,0.6999999999999993,0.0079999999999999,False,True,High,1.0,0.6666666666666666,1.0
2021-03-31,0.0119047619047618,2.410843635903765,0.0346740783693681,3.4849128066917907,1.5500000000000007,-0.0116279069767442,False,False,High,1.0,0.3333333333333333,0.8166666666666667
2021-04-01,-0.0549019607843136,1.3687495763480244,-1.5356783732296206,1.3129036029430097,0.5999999999999996,-0.0321285140562247,False,False,Medium,0.6130653110246839,0.0,0.21457285885863933
2021-04-02,0.0124481327800829,1.0046902196056504,0.0540438153393108,0.5771617375127239,0.9000000000000004,0.0382978723404254,False,False,Medium,0.0,0.0,0.0
2021-04-05,0.0245901639344263,0.8719170551581046,0.3329029177171757,0.3153068107438726,0.7000000000000011,-0.0079365079365079,False,False,Medium,0.0,0.0,0.0
2021-04-06,-0.024,0.8772489042749194,-0.8270049170289686,0.3398411487669523,0.9000000000000004,-0.0081300813008131,False,False,Medium,0.022504097524140475,0.0,0.007876434133449167
2021-04-07,-0.0573770491803278,1.1111913636941868,-1.6057116735779895,0.9028785666959256,0.6999999999999993,-0.0495867768595041,False,False,Medium,0.6714263946483245,0.0,0.23499923812691356
2021-04-08,0.0260869565217392,1.120083042407075,0.3988684693284386,0.9800565548605318,1.1000000000000014,0.0535714285714287,False,False,Medium,0.15004712905044312,0.0,0.05251649516765509
2021-04-09,0.0169491525423728,0.6921767194493906,0.1844249619433085,0.0123015859060798,0.5,0.0126582278481012,False,False,Medium,0.0,0.0,0.0
2021-04-12,0.0250000000000001,1.4885428169646593,0.3726352775551423,1.9259755190931915,0.9499999999999992,0.0123456790123457,False,False,Medium,0.9383129325776596,0.0,0.32840952640218085
2021-04-13,-0.0569105691056911,0.8162723076447527,-1.5998417966568297,0.3453848135766754,0.8000000000000007,-0.0645161290322581,False,False,Medium,0.6665348305473581,0.0,0.2332871906915753
2021-04-14,0.0689655172413794,1.2263770169261765,1.418108481269349,1.3693890854487138,1.25,0.1071428571428572,False,False,Medium,0.5150904010577908,0.0,0.18028164037022676
2021-04-15,0.0685483870967742,0.8475816195181531,1.3821635173403146,0.438908757200209,0.1500000000000003,0.0076045627376425,False,False,Medium,0.48513626445026214,0.0,0.16979769255759175
2021-04-16,0.0452830188679245,1.7320950259373724,0.8142446134611615,2.719913913649916,1.1999999999999993,0.010948905109489,False,False,High,1.0,0.0,0.44999999999999996
2021-04-19,-0.0541516245487364,1.1669164274093171,-1.527260531500545,1.3641789395806825,0.8000000000000007,-0.0437956204379561,False,False,Medium,0.6060504429171208,0.0,0.21211765502099228
2021-04-20,-0.0229007633587785,1.0048682273733338,-0.793587797795918,0.9846859614918936,1.25,-0.0115830115830114,False,False,Medium,0.1539049679099113,0.0,0.053866738768468946
2021-04-22,-0.05078125,0.9911541163779816,-1.448215077277611,0.988497288009093,1.1000000000000014,-0.0279999999999999,False,False,Medium,0.5401792310646758,0.0,0.18906273087263653
2021-04-23,0.0205761316872428,0.4763720628027308,0.2600763410085929,-0.4023525509633467,1.0,0.0205761316872428,False,False,Medium,0.0,0.0,0.0
2021-04-26,-0.0564516129032258,1.3550609817699408,-1.5724415610529143,1.9848001446445576,0.8999999999999986,-0.0564516129032258,False,False,Medium,0.9873334538704647,0.0,0.3455667088546626
2021-04-27,-0.0555555555555554,0.5328045616929762,-1.5234396971973976,-0.2606146996406005,0.8999999999999986,-0.0391304347826086,False,False,Medium,0.6028664143311646,0.0,0.21100324501590761
2021-04-28,0.0,0.6070588443759444,-0.2008585981838593,-0.0704229186296831,0.5500000000000007,0.0045454545454546,False,False,Medium,0.0,0.0,0.0
2021-04-29,0.0,0.8087641008740857,-0.1990510397086859,0.4181098063078912,0.8499999999999996,-0.0221238938053097,False,False,Medium,0.0,0.0,0.0
2021-05-04,-0.0542986425339367,0.9748170941358656,-1.4653241001552677,0.8741836013590409,0.5,-0.0047619047619048,False,False,Medium,0.5544367501293898,0.0,0.1940528625452864
2021-05-05,0.0669856459330144,0.4440981690689521,1.3919780262434929,-0.5441006184790241,0.5500000000000007,0.0518867924528302,False,False,Medium,0.4933150218695774,0.0,0.17266025765435208
2021-05-06,0.0134529147982063,1.0661881168543557,0.1352266344055803,1.0618372481133065,0.7000000000000011,-0.034188034188034,False,False,Medium,0.2181977067610887,0.0,0.07636919736638105
2021-05-07,0.0176991150442478,0.9366198603683606,0.2285981374055102,0.70416951114484,0.8500000000000014,0.036036036036036,False,False,Medium,0.0,0.0,0.0
2021-05-10,-0.0217391304347825,0.4024209022798807,-0.7316442639319309,-0.688860854823287,0.75,-0.0217391304347826,False,False,Medium,0.0,0.0,0.0
2021-05-11,0.031111111111111,0.6376653784938251,0.5424039260335572,-0.1387300433138091,0.75,0.0043290043290042,False,False,Medium,0.0,0.0,0.0
2021-05-12,-0.004310344827586,0.8815699088213287,-0.3258964623011037,0.4149631061404249,0.8000000000000007,0.0043478260869565,False,False,Medium,0.0,0.0,0.0
2021-05-13,-0.0086580086580088,0.3709087480755028,-0.4195690872311751,-0.8203134522417619,0.3500000000000014,-0.0043478260869565,False,False,Medium,0.0,0.0,0.0
2021-05-14,0.0698689956331879,1.2487619329384445,1.4849413049174147,1.2286551852267174,0.8000000000000007,0.0698689956331878,False,False,Medium,0.5707844207645123,0.0,0.1997745472675793
2021-05-17,0.0040816326530612,1.0666786166452362,-0.1306449954887651,0.7049673861377214,0.75,-0.0238095238095237,False,False,Medium,0.0,0.0,0.0
2021-05-18,0.0121951219512193,0.7504235520782152,0.0656308324307343,-0.0487469058226966,0.8499999999999996,0.0121951219512193,False,False,Medium,0.0,0.0,0.0
2021-05-19,0.0281124497991969,1.1498526679845382,0.4469898130049368,0.8558046345521403,0.8499999999999996,0.0281124497991969,False,False,Medium,0.046503862126783535,0.0,0.016276351744374237
2021-05-20,-0.0546875000000001,0.5876953836678915,-1.5728366478382083,-0.4148219095375342,0.7999999999999989,-0.0546875,False,False,Medium,0.6440305398651736,0.0,0.22541068895281072
2021-05-21,0.0495867768595041,0.7033954611724622,0.967654898179944,-0.1721776390783826,0.8000000000000007,0.0583333333333332,False,False,Medium,0.1397124151499533,0.0,0.04889934530248365
2021-05-24,-0.0433070866141731,0.8969099798113274,-1.2795271445224146,0.2394369636200867,0.7000000000000011,-0.05078125,False,False,Medium,0.3996059537686788,0.0,0.13986208381903756
2021-05-25,0.0,0.5610179537243845,-0.233852304110869,-0.5420464068680443,0.4000000000000003,0.0,False,False,Medium,0.0,0.0,0.0
2021-05-26,-0.0288065843621398,0.7720316850628022,-0.9233631207042572,-0.0852986616427341,0.5,-0.0367346938775509,False,False,Medium,0.10280260058688095,0.0,0.035980910205408334
2021-05-27,-0.0338983050847457,0.8616670878676705,-1.0349910397124678,0.0553860612787156,0.8000000000000007,-0.0256410256410255,False,False,Medium,0.19582586642705643,0.0,0.06853905324946975
2021-05-28,0.0657894736842106,0.9680086842096876,1.3382673414843134,0.2816168466356215,0.8499999999999996,0.0611353711790393,False,False,Medium,0.44855611790359445,0.0,0.15699464126625806
2021-05-31,-0.0164609053497942,0.4752457806261114,-0.6242011058886215,-0.8460155630860149,0.5999999999999996,-0.0284552845528456,False,False,Medium,0.0,0.0,0.0
2021-06-01,0.0209205020920502,0.4273302827402099,0.2644798169291283,-0.9737537559982636,0.5499999999999989,0.0295358649789029,False,False,Medium,0.0,0.0,0.0
2021-06-02,0.069672131147541,2.0688984067538843,1.4064128345443028,2.416037998431108,0.6500000000000004,0.044,True,False,High,1.0,0.3333333333333333,0.8166666666666667
2021-06-03,0.0689655172413792,1.2351104713188872,1.3643590866100634,0.651092501372407,0.3499999999999996,0.0108695652173912,False,True,Medium,0.47029923884171954,0.3333333333333333,0.5312714002612685
2021-06-04,0.0250896057347671,1.3221642858069866,0.3297362151190111,0.8164000981117076,1.1999999999999993,-0.0069444444444444,False,True,Medium,0.013666748426422922,0.3333333333333333,0.3714500286159147
2021-06-07,-0.0594405594405594,1.1235892323876449,-1.622036970737397,0.3768406005863736,1.0,-0.0392857142857143,False,False,Medium,0.6850308089478307,0.0,0.23976078313174073
2021-06-08,-0.0557620817843865,1.059833827370843,-1.5131777779318996,0.2651267553130039,1.3499999999999996,-0.0342205323193917,False,False,Medium,0.5943148149432497,0.0,0.20801018523013737
2021-06-09,0.0196850393700787,0.8838530586363988,0.2188101687421413,-0.1801942523082163,0.8000000000000007,0.0038759689922479,False,False,Medium,0.0,0.0,0.0
2021-06-10,0.0115830115830115,0.6028866652130331,0.0283980079772272,-0.7760719376072812,0.8000000000000007,0.0076923076923076,False,False,Medium,0.0,0.0,0.0
2021-06-11,0.0038167938931297,0.6297615977016217,-0.1511226411014669,-0.7423394946762437,0.5999999999999996,-0.0037878787878787,False,False,Medium,0.0,0.0,0.0
2021-06-14,-0.0076045627376425,1.0771373353114475,-0.4102703706522677,0.170482689213127,0.9500000000000012,0.0,False,False,Medium,0.0,0.0,0.0
2021-06-15,0.011494252873563,0.6010397010609618,0.0280174076348758,-0.8566019121890888,0.5,0.0076335877862595,False,False,Medium,0.0,0.0,0.0
2021-06-16,0.0416666666666667,1.0700072609309863,0.7139786260317018,0.1145912387236415,0.6999999999999993,0.0536398467432949,False,False,Medium,0.0,0.0,0.0
2021-06-17,0.069090909090909,1.8465704753923136,1.3216833911880674,1.741281506007841,1.25,0.0888888888888888,True,True,Medium,0.7844012550065342,1.0,1.0
2021-06-18,0.0306122448979593,1.8900404305603251,0.4358413233299761,1.8773656566257289,1.0,0.01,True,True,Medium,0.897804713854774,1.0,1.0
2021-06-21,-0.0495049504950495,1.543988268280348,-1.3707980414239256,1.2410388205109997,0.8000000000000007,-0.0303030303030302,False,False,Medium,0.47566503451993797,0.0,0.1664827620819783
2021-06-22,0.0104166666666667,1.4896221662468514,-0.0109216556343582,1.183319501575122,0.9499999999999992,0.0210526315789474,False,False,Medium,0.3194329179792682,0.0,0.11180152129274386
2021-06-23,-0.0584192439862544,1.5500864060934707,-1.5632576967104623,1.3603082818519263,1.0,-0.0584192439862543,False,False,Medium,0.636048080592052,0.0,0.22261682820721818
2021-06-24,0.0182481751824816,0.6664510431441746,0.1678457951697414,-0.648258180366763,0.5,0.0182481751824817,False,False,Medium,0.0,0.0,0.0
2021-06-25,0.0,0.9105321634804616,-0.2446566660689887,-0.1281817008711441,0.5500000000000007,-0.0035714285714286,False,False,Medium,0.0,0.0,0.0
2021-06-28,-0.0179211469534049,0.7788396392775774,-0.6430714379565413,-0.4626423200931334,0.75,-0.0143884892086331,False,False,Medium,0.0,0.0,0.0
2021-06-29,-0.0036496350364962,0.7640853583151301,-0.3148423605197447,-0.4987800915894864,0.4000000000000003,-0.0108695652173913,False,False,Medium,0.0,0.0,0.0
2021-06-30,-0.0256410256410256,0.7198646587758781,-0.801377448394646,-0.6349447365001726,0.6499999999999986,-0.0220588235294116,False,False,Medium,0.0011478736622049421,0.0,0.0004017557817717297
2021-07-01,0.0075187969924812,1.0865549645088577,-0.0541629300372857,0.2144014540882587,0.8499999999999996,0.0075187969924811,False,False,Medium,0.0,0.0,0.0
2021-07-02,-0.0261194029850746,0.5184249520743163,-0.810808306687512,-1.0887679309657607,0.6499999999999986,-0.0474452554744524,False,False,Medium,0.009006922239593318,0.0,0.0031524227838576613
2021-07-05,-0.0574712643678161,1.0638659409403066,-1.498722220960532,0.1476015284455029,0.75,-0.057471264367816,False,False,Medium,0.58226851746711,0.0,0.20379398111348848
2021-07-06,-0.0325203252032521,0.9596454153119406,-0.9301161955104772,-0.0719244317117064,1.0999999999999996,-0.032520325203252,False,False,Medium,0.10843016292539763,0.0,0.03795055702388917
2021-07-07,0.0,0.5778832504034677,-0.2058146260791204,-0.9732891918069906,0.8000000000000007,-0.0041841004184099,False,False,Medium,0.0,0.0,0.0
2021-07-08,-0.0084033613445377,0.4842754278344187,-0.3810545488077247,-1.1862325696605989,0.5500000000000007,-0.0084033613445377,False,False,Medium,0.0,0.0,0.0
2021-07-09,-0.0550847457627119,1.2575511248334257,-1.4017986483530438,0.5790051944447997,0.8000000000000007,-0.0387931034482758,False,False,Medium,0.5014988736275365,0.0,0.17552460576963777
2021-07-12,-0.0672645739910313,0.8917934092553024,-1.6492060712984211,-0.2272262955057493,0.5499999999999989,-0.0280373831775699,False,False,Medium,0.7076717260820176,0.0,0.24768510412870612
2021-07-13,0.0673076923076922,0.9895391231676902,1.3066694329888446,0.0384472845136463,1.049999999999999,0.1044776119402983,False,False,Medium,0.4222245274907038,0.0,0.14777858462174634
2021-07-14,0.063063063063063,1.4519963370839757,1.208224854531437,1.0563941898904554,1.049999999999999,0.0085470085470086,False,False,Medium,0.3401873787761974,0.0,0.11906558257166909
2021-07-15,-0.0254237288135593,0.6466763845059581,-0.7170581681701382,-0.8328449439119416,0.7999999999999989,0.0,False,False,Medium,0.0,0.0,0.0
2021-07-16,-0.0391304347826085,0.7575218036589484,-1.0221009670739964,-0.6020677311181821,0.5499999999999989,-0.0264317180616739,False,False,Medium,0.18508413922833034,0.0,0.06477944872991562
2021-07-19,-0.0678733031674208,1.2878484247057786,-1.6346043126513,0.5943205062279088,0.3999999999999986,-0.0190476190476189,False,False,Medium,0.6955035938760833,0.0,0.24342625785662914
2021-07-20,0.0679611650485436,0.560936108130262,1.3365867653575054,-1.048345091843455,0.8499999999999996,0.0476190476190476,False,False,Medium,0.44715563779792117,0.0,0.1565044732292724
2021-07-21,-0.0136363636363636,0.4397793624610419,-0.4362731605269894,-1.315370346807537,0.4499999999999993,-0.0312499999999999,False,False,Medium,0.0,0.0,0.0
2021-07-22,0.0138248847926267,0.9725262509883326,0.1805391089105331,-0.1155102626704833,0.9000000000000004,0.0045662100456621,False,False,Medium,0.0,0.0,0.0
2021-07-23,-0.0363636363636363,0.4344427703560205,-0.9193312146992372,-1.2941597632909776,0.450000000000001,-0.0275229357798165,False,False,Medium,0.09944267891603095,0.0,0.03480493762061083
2021-07-26,0.0,0.3718238641467165,-0.0959587048585245,-1.424849895026446,0.4499999999999993,0.0192307692307691,False,False,Medium,0.0,0.0,0.0
2021-07-27,0.0235849056603774,1.2214077942731902,0.4219894156536338,0.4494965553838572,0.6000000000000014,0.014018691588785,False,False,Medium,0.0,0.0,0.0
2021-07-28,0.0046082949308756,0.1938787369334632,-0.0241830319920923,-1.7871480204202046,0.25,0.013953488372093,False,False,Medium,0.0,0.0,0.0
2021-07-29,0.0091743119266054,0.3249130422329927,0.0667664722299389,-1.5137123527650271,0.2999999999999989,0.0,False,False,Medium,0.0,0.0,0.0
2021-07-30,0.0136363636363636,0.5559283740186274,0.1834175549362185,-1.0914023700332434,0.3500000000000014,0.009049773755656,False,False,Medium,0.0,0.0,0.0
2021-08-02,-0.022421524663677,0.9049812162076976,-0.6588885703308541,-0.4840133742688078,0.450000000000001,-0.0267857142857141,False,False,Medium,0.0,0.0,0.0
2021-08-03,0.0137614678899082,1.1095348499477533,0.1860084832737672,-0.1697267206822321,0.5999999999999996,0.0045454545454546,False,False,Medium,0.0,0.0,0.0
2021-08-04,0.0316742081447962,0.8871519042965006,0.6195826054996731,-0.6263703603484577,0.5,0.0224215246636771,False,False,Medium,0.0,0.0,0.0
2021-08-05,0.0043859649122806,0.6590625807095286,-0.0416057080878794,-1.0184049089813867,0.3500000000000014,0.0043859649122806,False,False,Medium,0.0,0.0,0.0
2021-08-06,0.0131004366812228,1.1733341078378363,0.1750962966125717,-0.150157387919228,0.5500000000000007,0.0131004366812227,False,False,Medium,0.0,0.0,0.0
2021-08-09,0.0,0.5160828257719395,-0.1313715291191255,-1.288974656360631,0.25,0.008695652173913,False,False,Medium,0.0,0.0,0.0
2021-08-10,-0.0129310344827586,0.6288978700405627,-0.4581766363701737,-1.096993661873676,0.3500000000000014,-0.0129310344827586,False,False,Medium,0.0,0.0,0.0
2021-08-11,0.0131004366812228,0.9727982398183016,0.168862086621445,-0.5344383263918633,0.2999999999999989,0.0043290043290042,False,False,Medium,0.0,0.0,0.0
2021-08-12,-0.004310344827586,0.7754481350870756,-0.2500366413341855,-0.8979197196336864,0.4000000000000003,-0.0043103448275861,False,False,Medium,0.0,0.0,0.0
2021-08-13,-0.0303030303030303,1.0787440516129192,-0.8882336026076378,-0.3867053130265186,0.7000000000000011,-0.0303030303030304,False,False,Medium,0.0735280021730315,0.0,0.025734800760561023
2021-08-16,-0.0044642857142855,1.0262912116594722,-0.2556404841644567,-0.5075717974276133,0.3499999999999996,-0.0088888888888888,False,False,Medium,0.0,0.0,0.0
2021-08-17,0.0134529147982063,0.6039382988180501,0.1842042190988194,-1.2295149306623476,0.3499999999999996,0.0134529147982063,False,False,Medium,0.0,0.0,0.0
2021-08-18,-0.0176991150442479,0.5014014432972451,-0.5724515986651462,-1.3946276902403791,0.200000000000001,-0.0176991150442478,False,False,Medium,0.0,0.0,0.0
2021-08-19,-0.0135135135135135,0.7054618398863285,-0.460318466943243,-1.0691780302547915,0.200000000000001,-0.0135135135135135,False,False,Medium,0.0,0.0,0.0
2021-08-20,-0.045662100456621,1.2844449328671197,-1.2617159661231798,-0.2043053642237463,0.7999999999999989,-0.045662100456621,False,False,Medium,0.38476330510264983,0.0,0.13466715678592744
2021-08-23,0.0047846889952154,0.741879128454912,0.0004335053753193,-1.058898972752056,0.4000000000000003,0.0047846889952153,False,False,Medium,0.0,0.0,0.0
2021-08-24,-0.0095238095238094,0.4848574112082244,-0.3544474128723849,-1.451737920112384,0.3499999999999996,-0.0095238095238094,False,False,Medium,0.0,0.0,0.0
2021-08-25,0.0,0.7349873539954498,-0.1248315638781743,-1.1438440136692336,0.4000000000000003,0.0,False,False,Medium,0.0,0.0,0.0
2021-08-26,-0.0144230769230769,0.3917010423410666,-0.4821160765248094,-1.6211538520877853,0.3499999999999996,-0.0191387559808611,False,False,Medium,0.0,0.0,0.0
2021-08-27,0.0,0.6294546515930564,-0.1151947772050137,-1.316238641214974,0.3000000000000007,0.0,False,False,Medium,0.0,0.0,0.0
2021-08-30,0.0146341463414634,0.5125414997422582,0.2523391205964634,-1.4953624029190384,0.25,0.0048309178743962,False,False,Medium,0.0,0.0,0.0
2021-08-31,0.0288461538461537,0.971548845986355,0.6034070990773766,-0.9259532655340206,0.450000000000001,0.0239234449760765,False,False,Medium,0.0,0.0,0.0
2021-09-01,-0.0140186915887848,0.6411150203179934,-0.4614880333555503,-1.3142025077404178,0.3499999999999996,-0.0047169811320753,False,False,Medium,0.0,0.0,0.0
2021-09-06,0.0663507109004739,1.4125420245167415,1.5628907796830125,-0.4000122483956671,0.6999999999999993,0.0663507109004738,False,False,Medium,0.6357423164025104,0.0,0.22250981074087864
2021-09-07,-0.0399999999999999,1.2848006436280348,-1.0970869671180574,-0.5167214417589903,0.75,-0.0526315789473683,False,False,Medium,0.24757247259838117,0.0,0.0866503654094334
2021-09-08,-0.0046296296296296,0.6871085826404948,-0.2225562297435472,-1.220801883400466,0.3499999999999996,-0.0046296296296296,False,False,Medium,0.0,0.0,0.0
2021-09-09,0.0279069767441861,0.9053517404007488,0.6107673616717376,-0.9933482520753536,0.4499999999999993,0.0279069767441861,False,False,Medium,0.0,0.0,0.0
2021-09-10,-0.0180995475113122,0.7295524770304282,-0.5513680708353207,-1.1703503789274827,0.3999999999999986,-0.0225225225225225,False,False,Medium,0.0,0.0,0.0
2021-09-13,-0.0138248847926267,0.6949414673962486,-0.428100958578253,-1.187804751209343,0.3000000000000007,-0.0183486238532111,False,False,Medium,0.0,0.0,0.0
2021-09-14,0.0093457943925234,0.8047532980725339,0.1928166214513811,-1.0440365190140315,0.2999999999999989,0.0093457943925234,False,False,Medium,0.0,0.0,0.0
2021-09-15,0.0092592592592593,0.7271720210615215,0.2056487662669669,-1.1362348951865933,0.5500000000000007,0.0092592592592592,False,False,Medium,0.0,0.0,0.0
2021-09-16,-0.0137614678899082,0.5038068855920673,-0.398019037572403,-1.4050710888969928,0.25,-0.0137614678899082,False,False,Medium,0.0,0.0,0.0
2021-09-17,0.0093023255813953,0.668122876280329,0.2410323421648689,-1.2253147756683762,0.25,0.0046296296296295,False,False,Medium,0.0,0.0,0.0
2021-09-20,0.0046082949308756,1.167472253320921,0.1287168219269973,-0.6538951254233251,0.450000000000001,0.0,False,False,Medium,0.0,0.0,0.0
2021-09-21,0.0137614678899082,1.295260432488185,0.401559951074271,-0.5250317385036924,0.5499999999999989,0.0231481481481481,False,False,Medium,0.0,0.0,0.0
2021-09-22,0.0678733031674208,2.537875859979416,1.8869532800862847,1.0995268719495872,0.450000000000001,0.0305676855895197,True,True,Medium,0.9057944000719039,0.6666666666666666,0.9003613733584998
2021-09-23,-0.0423728813559322,2.509737972011479,-1.1853959262997391,1.2444678006302226,1.299999999999999,-0.099601593625498,True,False,Medium,0.37038983385851876,0.3333333333333333,0.4963031085171482
2021-09-24,0.0132743362831857,0.8255882185114561,0.3674920388490837,-0.9585108354243423,0.4499999999999993,-0.0043478260869565,False,False,Medium,0.0,0.0,0.0
2021-09-27,-0.0567685589519649,1.7590400531014658,-1.5552616867075193,0.2904748660720629,0.75,-0.0608695652173912,False,False,Medium,0.6293847389229328,0.0,0.22028465862302646
2021-09-28,0.0,0.8980242273408335,0.0103044397109298,-0.8493535371777496,0.4000000000000003,0.0046511627906977,False,False,Medium,0.0,0.0,0.0
2021-09-29,0.0046296296296295,0.6572715871735949,0.1256620420610959,-1.1588173152881112,0.3499999999999996,0.0046296296296295,False,False,Medium,0.0,0.0,0.0
2021-09-30,0.0,0.5918531032206883,0.0020315805063764,-1.224350666302807,0.25,0.0046296296296295,False,False,Medium,0.0,0.0,0.0
2021-10-01,-0.0138248847926267,0.6410138903077156,-0.3791589709041666,-1.1497457783990075,0.1500000000000003,-0.0046511627906977,False,False,Medium,0.0,0.0,0.0
2021-10-04,0.0654205607476636,1.2142356419788267,1.815744599547211,-0.4191052976075698,0.7000000000000011,0.0555555555555555,False,False,Medium,0.8464538329560092,0.0,0.2962588415346032
2021-10-05,-0.0263157894736842,0.9758105116791996,-0.7439625325425919,-0.738505647391148,0.6499999999999986,-0.038961038961039,False,False,Medium,0.0,0.0,0.0
2021-10-06,0.0135135135135135,0.6990172901114523,0.3897354978186053,-1.0692123351199376,0.5,0.0044642857142857,False,False,Medium,0.0,0.0,0.0
2021-10-07,0.0,0.7258884664782371,0.0222570842840293,-1.017046318798252,0.25,0.0,False,False,Medium,0.0,0.0,0.0
2021-10-08,0.0133333333333334,1.7591452600424131,0.4180278623417303,0.350310360733566,0.5,-0.0043668122270741,False,False,Medium,0.0,0.0,0.0
2021-10-11,0.0657894736842106,2.1267631849312973,1.904629266789784,1.0168782065023236,0.75,0.0611353711790393,True,True,Medium,0.9205243889914866,0.6666666666666666,0.9055168694803536
2021-10-12,0.0246913580246912,2.036692344227917,0.7038456189847404,1.0361018221529594,0.8499999999999996,0.0204918032786885,True,True,Medium,0.1967515184607995,0.6666666666666666,0.6521963647946132
2021-10-13,-0.0281124497991968,1.19086261231249,-0.8343960117041859,-0.1602861175457541,0.5,-0.020242914979757,False,False,Medium,0.028663343086821523,0.0,0.010032170080387532
2021-10-14,0.0165289256198348,0.8829920521620886,0.4664595215048174,-0.6279696223696584,0.450000000000001,0.0165289256198347,False,False,Medium,0.0,0.0,0.0
2021-10-15,-0.024390243902439,1.4964403452194546,-0.7401916635937572,0.4110598842875775,0.5500000000000007,-0.032258064516129,False,False,Medium,0.0,0.0,0.0
2021-10-18,-0.0333333333333333,1.491696116649829,-1.01607304811455,0.4200468634354415,0.5499999999999989,-0.0413223140495867,False,False,Medium,0.18006087342879157,0.0,0.06302130570007705
2021-10-19,0.0086206896551723,0.5704340721085557,0.2245460179743848,-1.088108908441865,0.3999999999999986,0.0,False,False,Medium,0.0,0.0,0.0
2021-10-20,-0.0128205128205126,0.8380289887582828,-0.4070197575243751,-0.6400782500834814,0.5,-0.0128205128205127,False,False,Medium,0.0,0.0,0.0
2021-10-21,0.0389610389610388,1.0501517649077432,1.109366223555142,-0.2714295497105047,0.6499999999999986,0.0256410256410257,False,False,Medium,0.25780518629595167,0.0,0.09023181520358307
2021-10-22,-0.0166666666666666,0.5128331176519683,-0.5344679178438795,-1.1422377031737934,0.3499999999999996,-0.0247933884297519,False,False,Medium,0.0,0.0,0.0
2021-10-25,-0.0042372881355933,0.7817557154217123,-0.154321491712018,-0.6854056426815751,0.450000000000001,-0.0126050420168067,False,False,Medium,0.0,0.0,0.0
2021-10-26,0.0212765957446807,1.2698617204857143,0.6161854321366229,0.1697316087324205,0.8000000000000007,0.0256410256410257,False,False,Medium,0.0,0.0,0.0
2021-10-27,0.0,0.6998692954776947,-0.0325845502416867,-0.7870746743436944,0.450000000000001,-0.0082644628099173,False,False,Medium,0.0,0.0,0.0
2021-10-28,0.0083333333333333,0.7447195274102413,0.2263429087600907,-0.6883506082794214,0.3500000000000014,0.0083333333333333,False,False,Medium,0.0,0.0,0.0
2021-10-29,0.0,1.2526160809263902,-0.028018027679097,0.2411807275415572,0.4000000000000003,-0.0041152263374486,False,False,Medium,0.0,0.0,0.0
2021-11-01,0.0289256198347107,1.3042845840827897,0.8394437764226927,0.3579690942628043,0.4499999999999993,0.0121951219512193,False,False,Medium,0.03286981368557725,0.0,0.011504434789952037
2021-11-02,0.0200803212851405,1.3941025184511369,0.5939992715807545,0.5772055596657586,0.5500000000000007,0.0200803212851405,False,False,Medium,0.0,0.0,0.0
2021-11-03,-0.0393700787401575,1.5422335854818494,-1.220599609175025,0.8195956912962574,1.0,-0.0579150579150579,False,False,Medium,0.3504996743125209,0.0,0.1226748860093823
2021-11-04,0.0,0.6865213201319433,-0.0109273290455257,-0.7886695480143053,0.25,-0.0081300813008131,False,False,Medium,0.0,0.0,0.0
2021-11-05,0.028688524590164,1.0186676386034454,0.8685057332519163,-0.1791656502972612,0.7000000000000011,0.0203252032520325,False,False,Medium,0.05708811104326352,0.0,0.019980838865142233
2021-11-08,0.0517928286852589,2.256803451217359,1.5526131694363818,2.0701857198617257,0.7000000000000011,0.0352941176470587,True,True,High,1.0,1.0,1.0
2021-11-09,0.0,1.0440044687189671,-0.025900909880994,-0.0780536324684021,0.5,-0.0075187969924813,False,False,Medium,0.0,0.0,0.0
2021-11-10,-0.0151515151515151,0.879091192176713,-0.5064966865199946,-0.3485328443174541,0.3500000000000014,-0.0076335877862595,False,False,Medium,0.0,0.0,0.0
2021-11-11,0.0538461538461538,1.8345047075984615,1.6157065181131425,1.5388899193562071,0.8000000000000007,0.0458015267175572,True,True,Medium,0.6797554317609521,1.0,1.0
2021-11-12,0.0145985401459853,0.9757312073804604,0.3939052298958396,-0.0633202358674815,0.5,0.0,False,False,Medium,0.0,0.0,0.0
2021-11-15,0.0683453237410072,1.897354311440367,2.007616197128162,1.8227403277168035,0.75,0.0384615384615383,True,True,High,1.0,1.0,1.0
2021-11-16,-0.0269360269360269,1.5932336776918774,-0.8953732313309846,1.3108158533800716,1.25,-0.0366666666666667,False,False,Medium,0.4256798778167263,0.3333333333333333,0.5156546239025209
2021-11-17,0.0103806228373701,0.880391408812438,0.254286302547375,-0.121159545616847,0.6500000000000004,0.0138888888888888,False,False,Medium,0.0,0.0,0.0
2021-11-18,0.0684931506849315,1.3722292832145573,2.012183199170078,0.9723032050302342,1.0,0.0684931506849315,False,True,High,1.0,0.3333333333333333,0.8166666666666667
2021-11-19,0.0576923076923077,1.8251680064103528,1.6952602739585922,2.109685901171241,1.599999999999998,0.03125,True,True,High,1.0,1.0,1.0
2021-11-22,-0.0606060606060605,1.933869706408642,-1.9082537101767665,2.382347173995308,1.5000000000000018,-0.0432098765432098,True,False,High,1.0,0.3333333333333333,0.8166666666666667
2021-11-23,-0.0516129032258064,1.0054420679535858,-1.5978868777704234,0.2691566938361563,1.0,-0.0297029702970297,False,False,Medium,0.6649057314753528,0.0,0.23271700601637346
2021-11-24,0.0068027210884353,0.9135341005565512,0.1699124693592645,0.0749303071269194,0.7000000000000011,-0.0133333333333332,False,False,Medium,0.0,0.0,0.0
2021-11-25,0.0608108108108107,1.383559042291796,1.8102227362224008,1.2109054696753851,1.0999999999999996,0.0536912751677851,False,False,Medium,0.841852280185334,0.0,0.29464829806486686
2021-11-26,-0.0350318471337578,0.7209035838371358,-1.1352430587452118,-0.3337712439226531,0.75,-0.0441640378548895,False,False,Medium,0.2793692156210098,0.0,0.09777922546735343
2021-11-29,-0.0066006600660065,1.010649838873679,-0.2549653201751533,0.3153333548349115,0.8000000000000007,0.0379310344827586,False,False,Medium,0.0,0.0,0.0
2021-11-30,-0.026578073089701,1.1799210755995715,-0.859813818083983,0.7616941502795992,0.75,-0.0361842105263157,False,False,Medium,0.049844848403319174,0.0,0.01744569694116171
2021-12-01,0.0580204778156996,0.94023055145581,1.700393885403929,0.2329774509481376,1.200000000000001,0.0616438356164383,False,False,Medium,0.7503282378366076,0.0,0.2626148832428126
2021-12-02,-0.032258064516129,0.7899733380788798,-1.023131416679938,-0.1226445432562429,0.9000000000000004,-0.032258064516129,False,False,Medium,0.18594284723328156,0.0,0.06507999653164855
2021-12-03,-0.0266666666666667,0.8690606885278789,-0.8397182071749798,0.1060847002514643,0.75,-0.0331125827814569,False,False,Medium,0.0330985059791498,0.0,0.01158447709270243
2021-12-06,-0.0034246575342464,0.8584138919455224,-0.1190653930340831,0.1278202815589056,1.25,-0.0267558528428092,False,False,Medium,0.0,0.0,0.0
2021-12-07,0.0103092783505154,0.4774679320994612,0.3111595481655463,-0.8456957494753424,0.5,-0.0101010101010101,False,False,Medium,0.0,0.0,0.0
2021-12-08,0.0136054421768707,0.6537688146783761,0.400745992148202,-0.3687001317729739,0.6999999999999993,0.0101694915254237,False,False,Medium,0.0,0.0,0.0
2021-12-09,0.0268456375838925,0.5964911147083578,0.808521156519174,-0.5037749078559716,0.6999999999999993,0.0268456375838926,False,False,Medium,0.0071009637659782965,0.0,0.0024853373180924038
2021-12-10,-0.0196078431372549,0.6242364251654943,-0.6590400624959659,-0.4318425852076559,0.5499999999999989,-0.0196078431372549,False,False,Medium,0.0,0.0,0.0
2021-12-13,0.07,1.1792510293171343,2.1198420983951776,1.1087324030463972,1.0500000000000007,0.0629139072847682,False,False,High,1.0,0.0,0.44999999999999996
2021-12-14,-0.0155763239875389,0.7990743453161281,-0.5307955774998236,0.0438389522385973,0.8000000000000007,-0.0306748466257668,False,False,Medium,0.0,0.0,0.0
2021-12-15,0.0316455696202531,0.8735868630579308,0.9180152806725144,0.2259838685806051,0.7999999999999989,0.028391167192429,False,False,Medium,0.09834606722709527,0.0,0.034421123529483344
2021-12-16,0.0674846625766869,1.3129571581712711,1.9749207748330613,1.4989971353321,0.8999999999999986,0.051359516616314,False,True,Medium,0.9791006456942177,0.3333333333333333,0.7093518926596428
2021-12-17,-0.0229885057471264,1.306264994029576,-0.7781091813309345,1.5262793128465286,1.5500000000000007,-0.0502793296089384,False,False,Medium,0.6052327607054405,0.0,0.21183146624690416
2021-12-20,0.0558823529411764,0.9763963739178017,1.5927283352007366,0.5495066957191267,1.3999999999999986,0.0684523809523808,False,False,Medium,0.6606069460006139,0.0,0.23121243110021483
2021-12-21,0.0027855153203342,0.6478923096710913,-0.0132017676380249,-0.3644263172644986,0.8999999999999986,-0.0027700831024931,False,False,Medium,0.0,0.0,0.0
2021-12-22,0.0305555555555556,0.9910026127775824,0.8128775864697309,0.6140215335794856,1.0,0.0305555555555555,False,False,Medium,0.010731322058109005,0.0,0.0037559627203381514
2021-12-23,-0.0566037735849056,1.2501792028023,-1.827922997002672,1.3041009157253969,1.3999999999999986,-0.0641711229946523,False,False,Medium,0.8566024975022267,0.0,0.29981087412577934
2021-12-24,0.0028571428571428,1.043503518001734,-0.0279262941578432,0.750369604078392,1.4500000000000028,-0.0056657223796032,False,False,Medium,0.0,0.0,0.0
2021-12-27,0.0427350427350428,0.8169539439315902,1.1608828100226969,0.058349880804536,0.9499999999999992,0.0280898876404494,False,False,Medium,0.3007356750189141,0.0,0.10525748625661992
2021-12-28,0.0382513661202186,1.0029383811475072,1.0117735266204062,0.5419196533959189,0.8999999999999986,0.0326086956521739,False,False,Medium,0.17647793885033847,0.0,0.06176727859761846
2021-12-29,-0.0315789473684211,0.7210945533706932,-1.1383532065672963,-0.2177149775118443,0.9000000000000021,-0.0315789473684211,False,False,Medium,0.28196100547274694,0.0,0.09868635191546142
2021-12-30,0.013586956521739,1.0120106498778183,0.2745727806826144,0.5491307130706052,0.75,0.0,False,False,Medium,0.0,0.0,0.0
2021-12-31,-0.0348525469168899,1.0093405500531507,-1.2288165555991422,0.5006795141400017,1.099999999999998,-0.0374331550802138,False,False,Medium,0.3573471296659518,0.0,0.12507149538308313
2022-01-04,0.0388888888888887,0.7972933779934276,1.0840634664071218,-0.1493962087172981,0.8500000000000014,0.0108108108108107,False,False,Medium,0.23671955533926814,0.0,0.08285184436874385
2022-01-05,0.0695187165775401,1.6460932052543469,2.004031520998515,2.072379368860464,1.3500000000000014,0.0610079575596816,False,False,High,1.0,0.3333333333333333,0.8166666666666667
2022-01-06,0.0550000000000001,1.5952986294870228,1.5371980538919563,2.0267965159422645,1.4499999999999993,0.0471464019851118,False,True,High,1.0,0.6666666666666666,1.0
2022-01-07,0.0687203791469193,1.2509109957782418,1.9709224621955657,1.0875940025958934,1.6000000000000014,0.0687203791469193,False,True,Medium,0.9757687184963048,0.3333333333333333,0.7081857181403733
2022-01-10,-0.0620842572062084,4.617089617672908,-2.1210598722116947,7.944496689535874,3.1000000000000014,-0.103813559322034,True,False,High,1.0,0.3333333333333333,0.8166666666666667
2022-01-11,-0.0591016548463356,4.619031773343387,-1.976301895940084,7.057813276964498,2.0,0.0101522842639593,True,False,High,1.0,0.3333333333333333,0.8166666666666667
2022-01-12,-0.0678391959798994,0.077620306211229,-2.2045180080503357,-1.0991746934368374,0.0,0.0,False,False,High,1.0,0.0,0.44999999999999996
2022-01-13,-0.0673854447439352,0.0259659209464504,-2.1318325850580333,-1.1812735816972362,0.0,0.0,False,False,High,1.0,0.0,0.44999999999999996
2022-01-14,-0.0693641618497109,0.0122171918096973,-2.1282937642412354,-1.1846053363238744,0.0,0.0,False,False,High,1.0,0.0,0.44999999999999996
2022-01-17,-0.0683229813664597,0.0239802236355716,-2.0432516637310765,-1.1616399308014145,0.0,0.0,False,False,High,1.0,0.0,0.44999999999999996
2022-01-18,-0.07,0.0128591244840407,-2.0358125583366897,-1.172364488636734,0.0,0.0,False,False,High,1.0,0.0,0.44999999999999996
2022-01-19,-0.068100358422939,0.0455475083252546,-1.9329060928581367,-1.1119521803163772,0.0,0.0,False,False,Medium,0.944088410715114,0.0,0.33043094375028986
2022-01-20,-0.0692307692307692,1.4250996787492514,-1.9260817809361148,1.0522827967463944,0.0999999999999996,0.0,False,False,Medium,0.938401484113429,0.0,0.32844051943970015
2022-01-21,0.0661157024793388,1.9725266381327435,1.7242866355023756,2.019714948008564,1.5999999999999996,0.1415929203539822,True,False,High,1.0,0.3333333333333333,0.8166666666666667
2022-01-24,-0.0697674418604651,0.8106280818962752,-1.882247741135796,0.1451278349827692,1.5999999999999996,-0.1044776119402985,False,False,Medium,0.9018731176131634,0.0,0.3156555911646072
2022-01-25,-0.0666666666666667,0.8104698383173318,-1.760672135227812,0.1322291354031255,0.6000000000000014,-0.008849557522124,False,False,Medium,0.8005601126898434,0.0,0.28019603944144517
2022-01-26,-0.0401785714285714,1.363430890879495,-1.050631571101628,1.0743599584841752,1.0500000000000007,-0.0486725663716814,False,False,Medium,0.22863329873681265,0.0,0.08002165455788442
2022-01-27,-0.0325581395348837,0.548768751617462,-0.8422127449499033,-0.286813325412705,0.9500000000000012,-0.037037037037037,False,False,Medium,0.0351772874582527,0.0,0.012312050610388444
2022-01-28,0.0673076923076922,0.72306364484712,1.7167691071889313,-0.0177890809290993,1.049999999999999,0.0571428571428571,False,False,Medium,0.7639742559907761,0.0,0.2673909895967716
2022-02-07,0.0675675675675675,0.8048925817333307,1.6916537072222742,0.0995981263952424,0.5999999999999996,0.0349344978165939,False,False,Medium,0.7430447560185618,0.0,0.2600656646064966
2022-02-08,0.0126582278481013,0.9177517169613452,0.2937209922306797,0.281018733287982,0.8000000000000007,0.0,False,False,Medium,0.0,0.0,0.0
2022-02-09,0.0041666666666666,1.5584453179166329,0.0710642458337495,1.3864489338086767,1.0,0.025531914893617,False,False,Medium,0.48870744484056394,0.0,0.17104760569419736
2022-02-10,-0.020746887966805,0.5057337913042675,-0.558908954385151,-0.3736403570549617,0.450000000000001,-0.0207468879668049,False,False,Medium,0.0,0.0,0.0
2022-02-11,0.0169491525423728,0.5094473250544345,0.398527449704293,-0.3845471619625998,0.5,0.0169491525423728,False,False,Medium,0.0,0.0,0.0
2022-02-14,-0.0291666666666666,0.7149822115939889,-0.7698774259296002,-0.0642764013505647,0.5499999999999989,0.0,False,False,Medium,0.0,0.0,0.0
2022-02-15,0.004291845493562,0.3299399865217202,0.0754320627359146,-0.6889616916028984,0.3499999999999996,-0.0042553191489362,False,False,Medium,0.0,0.0,0.0
2022-02-16,0.0683760683760683,1.041620894776919,1.6685755156981703,0.4515173550591928,0.6999999999999993,0.0504201680672268,False,False,Medium,0.7238129297484752,0.0,0.2533345254119663
2022-02-17,0.0,0.735842569671514,-0.0563226289411089,-0.0362397220321063,0.7000000000000011,-0.0157480314960629,False,False,Medium,0.0,0.0,0.0
2022-02-18,0.016,0.4801552200174951,0.3421295450877312,-0.4602186954604698,0.6999999999999993,0.0325203252032519,False,False,Medium,0.0,0.0,0.0
2022-02-21,0.0314960629921259,0.9151378637050664,0.7249919074662617,0.2314412198985684,0.6499999999999986,0.0274509803921568,False,False,Medium,0.0,0.0,0.0
2022-02-22,-0.0267175572519083,0.9839298057689194,-0.7372700079145184,0.3520185223249445,0.5999999999999996,0.0039370078740158,False,False,Medium,0.0,0.0,0.0
2022-02-23,0.0039215686274509,0.3769448923250169,0.032306316616762,-0.653850401235245,0.25,-0.007751937984496,False,False,Medium,0.0,0.0,0.0
2022-02-24,-0.0546875000000001,1.1384361375841687,-1.415253923385921,0.5244910506706886,0.9000000000000004,-0.0546875,False,False,Medium,0.5127116028216008,0.0,0.17944906098756025
2022-02-25,0.0330578512396695,0.5599132342343897,0.771740983469067,-0.3978171376925249,0.3499999999999996,0.0121457489878542,False,False,Medium,0.0,0.0,0.0
2022-02-28,0.0,0.5435717838624782,-0.0551437517326382,-0.537375429974676,0.4499999999999993,0.0040160642570281,False,False,Medium,0.0,0.0,0.0
2022-03-01,0.032,0.9364592572177434,0.7565275685421639,-0.2259615224513941,0.6000000000000014,0.0361445783132531,False,False,Medium,0.0,0.0,0.0
2022-03-02,0.0,0.8018311665192203,-0.0570691789109674,-0.3529841766794041,0.4499999999999993,0.0117647058823529,False,False,Medium,0.0,0.0,0.0
2022-03-03,0.0077519379844961,1.113890680871657,0.1362485151438987,0.0419383302968318,0.4499999999999993,0.007751937984496,False,False,Medium,0.0,0.0,0.0
2022-03-04,0.0,0.7119529089192428,-0.0538966301901954,-0.4133897250450552,0.1999999999999993,-0.0076335877862595,False,False,Medium,0.0,0.0,0.0
2022-03-07,0.0153846153846153,1.2178905915106648,0.3287798443157971,0.2507695645121383,0.6999999999999993,0.0232558139534882,False,False,Medium,0.0,0.0,0.0
2022-03-08,-0.0151515151515151,1.0178570723248952,-0.4445431986565656,0.0368672127198074,0.6500000000000004,-0.0038314176245211,False,False,Medium,0.0,0.0,0.0
2022-03-09,-0.0192307692307692,0.6515167995454111,-0.5412472333249947,-0.4264310780294964,0.5499999999999989,-0.0192307692307692,False,False,Medium,0.0,0.0,0.0
2022-03-10,0.0156862745098038,0.6627610636490407,0.3408375187727852,-0.4444318927989837,0.2999999999999989,-0.0038461538461539,False,False,Medium,0.0,0.0,0.0
2022-03-11,-0.0308880308880308,0.7762192019768878,-0.8318046435979889,-0.3629303414761917,0.4499999999999993,-0.0233463035019454,False,False,Medium,0.026503869664990708,0.0,0.009276354382746746
2022-03-14,-0.0278884462151395,0.6744247690720818,-0.7466127189702568,-0.5023748189536658,0.5500000000000007,-0.0278884462151395,False,False,Medium,0.0,0.0,0.0
2022-03-15,0.028688524590164,0.8018857690601253,0.6718188996629243,-0.360178243772022,0.5500000000000007,0.0161943319838057,False,False,Medium,0.0,0.0,0.0
2022-03-16,0.0199203187250995,0.6979699522030449,0.4499214800173928,-0.5173190129986517,0.450000000000001,0.0118577075098814,False,False,Medium,0.0,0.0,0.0
2022-03-17,0.06640625,1.8289831185959573,1.618906384983802,0.8433288553835355,0.8000000000000007,0.0581395348837209,True,True,Medium,0.6824219874865016,0.6666666666666666,0.8221810289536089
2022-03-18,0.0256410256410255,1.829504616581355,0.5822468580841762,0.903998803534888,0.8499999999999996,0.0144927536231883,True,True,Medium,0.08666566961240667,0.6666666666666666,0.6136663176976757
2022-03-21,0.0678571428571428,1.465693779176912,1.6182453980246505,0.4777976446963022,1.049999999999999,0.0640569395017792,False,True,Medium,0.6818711650205421,0.3333333333333333,0.6053215744238564
2022-03-22,-0.0301003344481605,1.4804902987290454,-0.8376798965242773,0.508450230283747,0.8000000000000007,-0.0268456375838926,False,False,Medium,0.03139991377023107,0.0,0.010989969819580872
2022-03-23,0.0,0.992241879034332,-0.0814752928060927,-0.1484496459661368,0.5,0.0069444444444444,False,False,Medium,0.0,0.0,0.0
2022-03-24,-0.0137931034482757,1.127060322684334,-0.4238189753454615,0.0242509287107598,0.5500000000000007,-0.0137931034482758,False,False,Medium,0.0,0.0,0.0
2022-03-25,0.0209790209790208,0.6322531815083459,0.4443438284726647,-0.5800189616454987,0.5999999999999996,0.0209790209790209,False,False,Medium,0.0,0.0,0.0
2022-03-28,-0.0684931506849315,0.2256078927195729,-1.7660794474968098,-1.0748847631881042,0.0,0.0,False,False,Medium,0.8050662062473415,0.0,0.2817731721865695
2022-03-29,-0.0698529411764705,0.1450254597473461,-1.7663512813568936,-1.1588740242695847,0.0,0.0,False,False,Medium,0.805292734464078,0.0,0.2818524570624273
2022-03-30,-0.067193675889328,0.0405922337682631,-1.6754244619372478,-1.269216644541748,0.0,0.0,False,False,Medium,0.7295203849477065,0.0,0.2553321347316973
2022-03-31,-0.0677966101694915,0.0733119470422371,-1.6546912961246756,-1.227485883271952,0.0,0.0,False,False,Medium,0.712242746770563,0.0,0.24928496136969702
2022-04-01,-0.0136363636363636,4.269943623095973,-0.342709202037762,3.58486350141159,1.1999999999999993,0.0585365853658536,False,False,High,1.0,0.0,0.44999999999999996
2022-04-04,0.0691244239631336,0.567201642893986,1.6274991089189463,-0.6335062478920739,0.2999999999999989,0.0,False,False,Medium,0.6895825907657886,0.0,0.241353906768026
2022-04-05,-0.021551724137931,1.6981228917720488,-0.5265942116457538,0.6412733698101463,1.0500000000000007,-0.0809716599190283,False,False,Medium,0.0,0.0,0.0
2022-04-06,-0.0660792951541849,2.166124220380425,-1.567793342382018,1.295901375533176,0.4000000000000003,0.0,True,False,Medium,0.6398277853183484,0.3333333333333333,0.5906063915280886
2022-04-07,-0.0141509433962264,0.6314289712976819,-0.3301634727368455,-0.5341876665173352,0.75,-0.0141509433962264,False,False,Medium,0.0,0.0,0.0
2022-04-08,-0.0698564593301434,0.8687419894387429,-1.6284442264723942,-0.2584202937427604,0.879999999999999,-0.0517073170731706,False,False,Medium,0.6903701887269952,0.0,0.2416295660544483
2022-04-12,-0.0699588477366256,0.4293910405930659,-1.606128116546269,-0.7603635714558099,0.4600000000000008,0.0,False,False,Medium,0.6717734304552242,0.0,0.23512070065932844
2022-04-13,-0.0265486725663715,1.175076112499318,-0.590225262415848,0.109682703710135,0.5800000000000001,0.0463733650416171,False,False,Medium,0.0,0.0,0.0
2022-04-14,0.0079545454545453,0.6173596204014176,0.219567022353766,-0.5425271374792092,0.3800000000000008,-0.0067189249720045,False,False,Medium,0.0,0.0,0.0
2022-04-15,-0.0698985343855692,0.7822422758719437,-1.5797448005554129,-0.3620995654139493,0.25,0.0,False,False,Medium,0.6497873337961774,0.0,0.22742556682866205
2022-04-18,-0.069090909090909,0.3421077377421469,-1.5305581575872798,-0.8646148936439102,0.1200000000000001,0.0,False,False,Medium,0.6087984646560665,0.0,0.21307946262962324
2022-04-19,-0.0690104166666666,0.5127766098598072,-1.5046498456777335,-0.6881121843558868,0.25,0.0,False,False,Medium,0.5872082047314446,0.0,0.2055228716560056
2022-04-20,-0.0699300699300699,0.154125181307864,-1.4986958078317316,-1.080403060199513,0.0,0.0,False,False,Medium,0.582246506526443,0.0,0.20378627728425505
2022-04-21,-0.0691729323308271,0.1035399174415845,-1.4532920158473843,-1.122015962567022,0.0,0.0,False,False,Medium,0.5444100132061536,0.0,0.19054350462215375
2022-04-22,0.0694668820678512,1.8000918258030507,1.6312356605443252,0.6881630925168644,0.8600000000000003,0.1493055555555556,True,False,Medium,0.6926963837869377,0.3333333333333333,0.6091104009920948
2022-04-25,0.0287009063444108,0.7597234929258037,0.7201657985317202,-0.4286258094997675,0.5499999999999998,-0.0058394160583941,False,False,Medium,0.0,0.0,0.0
2022-04-26,0.0690161527165933,0.5913952684038514,1.584557152368894,-0.6055530025678786,0.5800000000000001,0.0690161527165933,False,False,Medium,0.6537976269740783,0.0,0.22882916944092738
2022-04-27,0.0686813186813186,0.7911080034663462,1.557010184077172,-0.3903737490825236,0.7700000000000005,0.0686813186813186,False,False,Medium,0.63084182006431,0.0,0.22079463702250848
2022-04-28,0.0604113110539845,0.8195613162083366,1.3603651090159603,-0.3521337784355483,0.4900000000000002,0.0443037974683543,False,False,Medium,0.4669709241799669,0.0,0.1634398234629884
2022-04-29,0.069090909090909,0.8553421906794761,1.5175363884516238,-0.3401574020253585,0.5300000000000011,0.0639324487334139,False,False,Medium,0.5979469903763531,0.0,0.20928144663172357
2022-05-04,-0.0691609977324262,0.3715921268886726,-1.424713341539552,-0.8558390465076551,0.0,0.0,False,False,Medium,0.5205944512829601,0.0,0.18220805794903602
2022-05-05,-0.0475030450669915,1.29582257888353,-0.9485227486317176,0.0240529612980846,0.8400000000000007,0.0235602094240838,False,False,Medium,0.12376895719309797,0.0,0.04331913501758428
2022-05-06,-0.0690537084398976,0.8874560658821826,-1.3813876644982883,-0.3836953004513756,0.3700000000000001,-0.0027397260273972,False,False,Medium,0.48448972041524024,0.0,0.1695714021453341
2022-05-09,-0.0686813186813186,0.8472696762303619,-1.3508474446639591,-0.4277334789528051,0.3199999999999994,0.0,False,False,Medium,0.45903953721996593,0.0,0.16066383802698805
2022-05-10,0.0693215339233037,0.855911024787756,1.5201606401838563,-0.432442061584107,0.9400000000000004,0.1489698890649763,False,False,Medium,0.6001338668198802,0.0,0.21004685338695808
2022-05-11,0.0648275862068965,0.5116600527325049,1.4211346345969718,-0.7373521612951366,0.3900000000000005,0.0307076101468624,False,False,Medium,0.5176121954974765,0.0,0.18116426842411676
2022-05-12,-0.0699481865284974,0.5315853929578979,-1.3528906031628567,-0.7094958433203524,0.4400000000000004,-0.0297297297297298,False,False,Medium,0.46074216930238054,0.0,0.1612597592558332
2022-05-13,-0.0696378830083565,0.7233403704388317,-1.325568156331851,-0.5130058438137985,0.4800000000000004,-0.0457142857142857,False,False,Medium,0.4379734636098759,0.0,0.15329071226345656
2022-05-16,0.0179640718562874,0.4238187416931617,0.4763080366293845,-0.7729939742254684,0.4599999999999999,-0.0271816881258941,False,False,Medium,0.0,0.0,0.0
2022-05-17,0.0529411764705882,0.3341821357878994,1.1848458751263522,-0.8462583787454865,0.7000000000000002,0.098159509202454,False,False,Medium,0.32070489593862683,0.0,0.11224671357851938
2022-05-18,-0.041899441340782,0.6089476310579663,-0.7498137042715955,-0.6638308444804124,0.4199999999999999,-0.0472222222222222,False,False,Medium,0.0,0.0,0.0
2022-05-19,-0.0262390670553936,0.4011528086328118,-0.4140362464165743,-0.8197747109146843,0.2299999999999995,0.0,False,False,Medium,0.0,0.0,0.0
2022-05-20,0.0059880239520957,0.371167800095701,0.2469186887611208,-0.8484753569483611,0.4100000000000001,0.0059880239520958,False,False,Medium,0.0,0.0,0.0
2022-05-23,0.0074404761904762,0.4402939654044584,0.2679900505137647,-0.8202792361243478,0.3499999999999996,-0.018840579710145,False,False,Medium,0.0,0.0,0.0
2022-05-24,-0.0221565731166911,0.3833302959982159,-0.3487547150427666,-0.8544848406807841,0.4299999999999997,-0.0207100591715975,False,False,Medium,0.0,0.0,0.0
2022-05-25,0.0060422960725075,0.7889523719446101,0.2552519600420138,-0.5954200799122245,0.4699999999999997,-0.0089285714285713,False,False,Medium,0.0,0.0,0.0
2022-05-26,-0.069069069069069,0.4659584371340466,-1.321577829360587,-0.7951329170066184,0.0,0.0,False,False,Medium,0.4346481911338226,0.0,0.15212686689683788
2022-05-27,-0.0370967741935485,2.0435411335382567,-0.6419942223536788,0.1805259418332699,0.3500000000000005,0.0346620450606586,True,False,Medium,0.0,0.3333333333333333,0.3666666666666667
2022-05-30,0.0686767169179229,1.0894981258114451,1.549440066040442,-0.4049275662800368,0.6200000000000001,0.0686767169179229,False,False,Medium,0.624533388367035,0.0,0.21858668592846223
2022-05-31,-0.0423197492163008,0.8226599943359816,-0.7475922599925288,-0.5740600381635501,0.5899999999999999,-0.0599999999999999,False,False,Medium,0.0,0.0,0.0
2022-06-01,-0.0409165302782323,0.5210677076390807,-0.7160379605781769,-0.7504437807158256,0.6500000000000004,-0.0771653543307085,False,False,Medium,0.0,0.0,0.0
2022-06-02,-0.0102389078498293,0.4094816576548489,-0.0776575417334462,-0.812492195513209,0.6699999999999999,-0.0102389078498294,False,False,Medium,0.0,0.0,0.0
2022-06-03,-0.0344827586206897,0.496673114342324,-0.5785975692709436,-0.7505033949492369,0.5300000000000002,0.0332103321033209,False,False,Medium,0.0,0.0,0.0
2022-06-06,-0.0696428571428571,1.1889272276717824,-1.2906711575908154,-0.3166644658422067,0.2999999999999998,-0.0440366972477064,False,False,Medium,0.4088926313256795,0.0,0.14311242096398782
2022-06-07,-0.0690978886756238,1.2262436652021929,-1.257570768992189,-0.3410805735398697,0.1500000000000003,-0.0102040816326532,False,False,Medium,0.3813089741601574,0.0,0.13345814095605507
2022-06-08,0.068041237113402,0.2002170415544962,1.551973101802365,-0.9266425600748548,0.5299999999999994,0.068041237113402,False,False,Medium,0.6266442515019709,0.0,0.2193254880256898
2022-06-09,0.0540540540540541,0.6713893311295627,1.2452243163310772,-0.6687944860216997,0.2400000000000002,-0.0144404332129964,False,False,Medium,0.371020263609231,0.0,0.12985709226323086
2022-06-10,-0.0695970695970695,1.1093666676986724,-1.2503109653717777,-0.4332730302238415,0.4000000000000003,-0.072992700729927,False,False,Medium,0.3752591378098147,0.0,0.13134069823343514
2022-06-13,-0.0688976377952754,0.7358431832778445,-1.2193217471838556,-0.6378158876365866,0.3499999999999996,-0.0688976377952755,False,False,Medium,0.3494347893198796,0.0,0.12230217626195784
2022-06-14,-0.0697674418604651,0.6921044386165313,-1.2156319006848544,-0.6650394325545663,0.5,-0.0697674418604651,False,False,Medium,0.34635991723737863,0.0,0.12122597103308251
2022-06-15,-0.0681818181818183,0.7591398034832195,-1.1660864138427287,-0.6205164227719706,0.3000000000000007,-0.0465116279069767,False,False,Medium,0.30507201153560726,0.0,0.10677520403746253
2022-06-16,0.024390243902439,0.5689565597153163,0.7047205843017096,-0.7214986715890727,0.4500000000000002,0.0243902439024391,False,False,Medium,0.0,0.0,0.0
2022-06-17,-0.0666666666666667,0.5372226104636173,-1.1231322345869852,-0.7367907262302098,0.29,-0.0666666666666667,False,False,Medium,0.269276862155821,0.0,0.09424690175453733
2022-06-20,-0.0688775510204081,0.8785149387207541,-1.1498329559576204,-0.5907788573171467,0.27,-0.0688775510204081,False,False,Medium,0.29152746329801693,0.0,0.10203461215430593
2022-06-21,0.0383561643835617,0.6700862099217444,1.0150692417113925,-0.682770110921962,0.2399999999999997,0.0383561643835616,False,False,Medium,0.17922436809282702,0.0,0.06272852883248946
2022-06-22,0.0686015831134563,0.4123961440166207,1.592746045649075,-0.7819035028940162,0.52,0.1473087818696884,False,False,Medium,0.6606217047075624,0.0,0.23121759664764682
2022-06-23,0.0691358024691359,0.2282632211607989,1.5760417193576706,-0.8477004119148217,0.2300000000000004,0.0433734939759035,False,False,Medium,0.6467014327980588,0.0,0.22634550147932056
2022-06-24,0.0692840646651269,0.4959199808423816,1.5655218260613344,-0.7411720821142106,0.0300000000000002,0.0065217391304348,False,False,Medium,0.637934855051112,0.0,0.2232771992678892
2022-06-27,0.0691144708423325,0.2342420851610437,1.5472047722227895,-0.8311094465926869,0.0499999999999998,0.010204081632653,False,False,Medium,0.6226706435189913,0.0,0.21793472523164692
2022-06-28,0.0686868686868686,0.4738533352783045,1.5088572034689884,-0.7376265271440829,0.0899999999999998,0.0037950664136623,False,False,Medium,0.590714336224157,0.0,0.20675001767845494
2022-06-29,0.0699432892249527,3.7446956434237415,1.5105614898938682,0.5723745286796263,0.3600000000000003,0.0,True,False,Medium,0.5921345749115569,0.3333333333333333,0.5739137678857116
2022-06-30,0.0159010600706712,1.175181614808222,0.4624437063682103,-0.4329389009697684,0.3899999999999997,-0.0086206896551723,False,False,Medium,0.0,0.0,0.0
2022-07-01,0.0086956521739129,0.938079969864831,0.3295856235505946,-0.5197106667563713,0.6300000000000008,-0.0085470085470085,False,False,Medium,0.0,0.0,0.0
2022-07-04,0.0689655172413794,0.3929426592947773,1.4935093856772108,-0.7291156562301184,0.2000000000000001,0.0333333333333333,False,False,Medium,0.5779244880643424,0.0,0.20227357082251982
2022-07-05,0.0564516129032257,2.4812825380515964,1.251271853865753,0.1848252423050115,0.4299999999999997,-0.0120663650075414,True,False,Medium,0.3760598782214608,0.6666666666666666,0.7149542907108447
2022-07-06,-0.0381679389312976,0.9812601414769172,-0.5626269215223794,-0.4547877370642764,0.5299999999999994,-0.0381679389312977,False,False,Medium,0.0,0.0,0.0
2022-07-07,-0.0444444444444445,0.6117448381340811,-0.6893466198508079,-0.6443224780834769,0.3899999999999997,-0.0444444444444444,False,False,Medium,0.0,0.0,0.0
2022-07-08,0.0016611295681063,0.602507937275101,0.2010686612050685,-0.7993798702290805,0.25,0.0,False,False,Medium,0.0,0.0,0.0
2022-07-11,-0.0696517412935323,0.8138023970306079,-1.1949271829782753,-0.6916747875114765,0.4199999999999999,-0.0696517412935323,False,False,Medium,0.3291059858152294,0.0,0.11518709503533027
2022-07-12,0.0623885918003563,0.5761054464747462,1.3659085731712062,-0.8409489651811659,0.7000000000000002,0.1224105461393597,False,False,Medium,0.4715904776426718,0.0,0.1650566671749351
2022-07-13,-0.0067114093959731,0.4829754101980695,0.005997013457533,-0.900653219855307,0.3500000000000005,0.0206896551724138,False,False,Medium,0.0,0.0,0.0
2022-07-14,-0.0287162162162162,0.534088866675366,-0.4353360705772235,-0.876918638924593,0.2000000000000001,-0.0254237288135593,False,False,Medium,0.0,0.0,0.0
2022-07-15,0.0,0.3720716582452917,0.1214060798756605,-0.9735852760267608,0.4699999999999997,0.0,False,False,Medium,0.0,0.0,0.0
2022-07-18,0.0,0.4796999641250026,0.1108278660507036,-0.9299370028624756,0.1699999999999999,0.0017421602787456,False,False,Medium,0.0,0.0,0.0
2022-07-19,0.0086956521739129,0.5239536347062064,0.2737270009513777,-0.9070187309699588,0.3499999999999996,0.0545454545454545,False,False,Medium,0.0,0.0,0.0
2022-07-20,0.0310344827586208,0.7343229183953791,0.7345619214032634,-0.7954110368629228,0.2999999999999998,0.0328151986183074,False,False,Medium,0.0,0.0,0.0
2022-07-21,-0.020066889632107,0.2939065924959324,-0.3125551501669772,-1.0180283001042982,0.1800000000000006,-0.0184254606365158,False,False,Medium,0.0,0.0,0.0
2022-07-22,-0.0102389078498293,1.242943177048085,-0.1222449568650382,-0.5277144877501616,0.4699999999999997,-0.0268456375838926,False,False,Medium,0.0,0.0,0.0
2022-07-25,-0.0413793103448276,0.8365253357922386,-0.7622793799986991,-0.7281507450142869,0.2999999999999998,-0.0397236614853195,False,False,Medium,0.0,0.0,0.0
2022-07-26,-0.0413669064748201,0.8017569531884277,-0.759739945993572,-0.740666759193217,0.2700000000000004,-0.0396396396396395,False,False,Medium,0.0,0.0,0.0
2022-07-27,-0.0187617260787992,0.451007326007326,-0.2832284346735087,-0.909601669252587,0.2099999999999999,-0.0169172932330826,False,False,Medium,0.0,0.0,0.0
2022-07-28,0.0478011472275334,0.5208064190553089,1.10457867228525,-0.8640039241157738,0.3499999999999996,0.0478011472275334,False,False,Medium,0.2538155602377083,0.0,0.08883544608319789
2022-07-29,-0.009124087591241,0.4025335214485623,-0.0767134589091454,-0.9086977073598024,0.1399999999999996,-0.009124087591241,False,False,Medium,0.0,0.0,0.0
2022-08-01,0.0497237569060773,1.0165787020100727,1.1350685004967576,-0.6085364293351658,0.4100000000000001,0.0497237569060774,False,False,Medium,0.27922375041396463,0.0,0.09772831264488761
2022-08-02,0.0684210526315789,1.572893317986309,1.493412987294861,-0.3149698555998089,0.3999999999999994,0.0702987697715289,False,False,Medium,0.5778441560790508,0.0,0.20224545462766777
2022-08-03,-0.0213464696223316,1.685721040854799,-0.3431579102725418,-0.221843618698805,0.8099999999999996,-0.0197368421052631,False,False,Medium,0.0,0.0,0.0
2022-08-04,-0.0134228187919462,0.7728707980424293,-0.1832927251550475,-0.679268365162162,0.29,0.0297723292469351,False,False,Medium,0.0,0.0,0.0
2022-08-05,-0.0051020408163265,0.618933549994108,-0.0106385668330305,-0.7550709639444557,0.4000000000000003,-0.0034071550255537,False,False,Medium,0.0,0.0,0.0
2022-08-08,-0.0307692307692307,1.3277378049706363,-0.5257793669332871,-0.342651566970091,0.3399999999999998,-0.0173310225303292,False,False,Medium,0.0,0.0,0.0
2022-08-09,0.0264550264550265,0.6390862862734404,0.6549731975245151,-0.7097396646752022,0.3500000000000005,0.0392857142857144,False,False,Medium,0.0,0.0,0.0
2022-08-10,0.0051546391752577,0.6481084306646174,0.2161169980946783,-0.7432601464510253,0.2300000000000004,0.0068846815834767,False,False,Medium,0.0,0.0,0.0
2022-08-11,-0.0461538461538461,0.8718558914089942,-0.8326827336772419,-0.6344749540066139,0.3399999999999998,-0.0395869191049913,False,False,Medium,0.02723561139770153,0.0,0.009532463989195536
2022-08-12,0.007168458781362,0.521211667980025,0.265377468511744,-0.7921833116262005,0.1299999999999999,0.0089766606822261,False,False,Medium,0.0,0.0,0.0
2022-08-15,-0.0053380782918149,0.6638579228281861,0.0079643828060631,-0.7195531501272483,0.1699999999999999,-0.0035650623885918,False,False,Medium,0.0,0.0,0.0
2022-08-16,0.0214669051878353,1.0916606198818286,0.551747160335882,-0.5596508456367693,0.3599999999999994,0.0400728597449908,False,False,Medium,0.0,0.0,0.0
2022-08-17,-0.0683012259194395,0.7496846566058779,-1.290139045919051,-0.7033191654076,0.3899999999999997,-0.0344827586206895,False,False,Medium,0.40844920493254244,0.0,0.14295722172638983
2022-08-18,-0.0695488721804511,0.4670331640820361,-1.2947463940486208,-0.8115790710661455,0.0,0.0,False,False,Medium,0.412288661707184,0.0,0.1443010315975144
2022-08-19,-0.0040404040404041,3.3927237063328977,0.0570890021639939,0.4603600170632483,0.6399999999999997,0.0694143167028198,False,False,Medium,0.0,0.0,0.0
2022-08-22,-0.0567951318458416,1.1883217001708544,-1.0152151208031617,-0.4787434704254889,0.3200000000000003,0.0108695652173914,False,False,Medium,0.1793459340026347,0.0,0.06277107690092215
2022-08-23,0.0408602150537633,1.085122256822025,0.9780107506059944,-0.50823561523791,0.2299999999999995,0.0431034482758621,False,False,Medium,0.14834229217166198,0.0,0.051919802260081686
2022-08-24,-0.0041322314049585,0.8596855837932329,0.0595003906305207,-0.595510100728974,0.25,-0.0020703933747411,False,False,Medium,0.0,0.0,0.0
2022-08-25,-0.0684647302904564,3.844436960479369,-1.2337336391737503,0.9057132357005736,0.1600000000000001,0.0,True,False,Medium,0.3614446993114586,0.3333333333333333,0.4931723114256772
2022-08-26,-0.069042316258352,1.798919401164352,-1.2285306838820498,-0.0420324226125081,0.0200000000000004,0.0,False,False,Medium,0.35710890323504146,0.0,0.1249881161322645
2022-08-29,-0.0693779904306218,0.890475031010934,-1.2193737388849222,-0.4954588486473923,0.0,0.0,False,False,Medium,0.34947811573743515,0.0,0.12231734050810229
2022-08-30,0.0334190231362465,1.475992731677771,0.8387306512314674,-0.1633263336716976,0.4599999999999999,0.1104972375690606,False,False,Medium,0.03227554269288946,0.0,0.01129643994251131
2022-08-31,-0.0049751243781093,0.6350833550860434,0.0655659639316034,-0.6058297472197733,0.1599999999999997,-0.0024937655860348,False,False,Medium,0.0,0.0,0.0
2022-09-05,-0.0699999999999999,0.7788660060616168,-1.2236733340550936,-0.515564033121014,0.0,0.0,False,False,Medium,0.353061111712578,0.0,0.12357138909940228
2022-09-06,-0.0698924731182796,0.7342640454508864,-1.200588021646828,-0.5379351363454296,0.0,0.0,False,False,Medium,0.33382335137235675,0.0,0.11683817298032485
2022-09-07,-0.0346820809248554,2.997604486808409,-0.4927219669819863,0.783956255165703,0.2399999999999997,0.0372670807453415,True,False,Medium,0.0,0.3333333333333333,0.3666666666666667
2022-09-08,0.0688622754491017,2.3589584624922506,1.562402283109107,0.5236650101888278,0.4399999999999999,0.1369426751592355,True,False,Medium,0.6353352359242558,0.3333333333333333,0.5890339992401562
2022-09-09,0.0,0.0,0.200204985800345,-0.9273519010836204,0.0,0.0,False,False,None,0.0,0.0,0.0
2022-09-12,0.0,0.0,0.2135944032547627,-0.9145749270586288,0.0,0.0,False,False,None,0.0,0.0,0.0
2022-09-13,0.0,0.0,0.2086521904531862,-0.9025227799062532,0.0,0.0,False,False,None,0.0,0.0,0.0
2022-09-14,0.0,0.0,0.2086521904531862,-0.8874817787206422,0.0,0.0,False,False,None,0.0,0.0,0.0
2022-09-15,0.0,0.0,0.2063089551478971,-0.8727053679456269,0.0,0.0,False,False,None,0.0,0.0,0.0
2022-09-16,0.0,0.0,0.2101340844300589,-0.8602394727742481,0.0,0.0,False,False,None,0.0,0.0,0.0
2022-09-19,0.0,0.0,0.1997723722170869,-0.8547272653203479,0.0,0.0,False,False,None,0.0,0.0,0.0
2022-09-20,0.0,0.0,0.1891474967364683,-0.8510934935595637,0.0,0.0,False,False,None,0.0,0.0,0.0
2022-09-21,0.0,0.0,0.1787773664273059,-0.8500772944527657,0.0,0.0,False,False,None,0.0,0.0,0.0
2022-09-22,0.0,0.0,0.1682323635768774,-0.848331904269002,0.0,0.0,False,False,None,0.0,0.0,0.0
2022-09-23,0.0,0.0,0.1658802301114041,-1.0643279005366628,0.0,0.0,False,False,None,0.0,0.0,0.0
2022-09-26,0.0,0.0,0.1796611864191088,-1.0479019657211774,0.0,0.0,False,False,None,0.0,0.0,0.0
2022-09-27,0.0,0.0,0.1759515755644034,-1.0589259977562624,0.0,0.0,False,False,None,0.0,0.0,0.0
