Date,Adj Close,Close,High,Low,Open,Volume

2023-07-17,61870.484375,72300.0,73600.0,72200.0,73000.0,5802800
2023-07-19,62127.2109375,72600.0,73000.0,72400.0,72500.0,3025100
2023-07-20,62127.2109375,72600.0,72800.0,72300.0,72600.0,2600707
2023-07-21,62897.37890625,73500.0,73500.0,72500.0,72600.0,3821822
2023-07-24,62982.95703125,73600.0,74000.0,73300.0,73500.0,2535331
2023-07-26,64180.9921875,75000.0,75200.0,74300.0,74400.0,3189718
2023-07-28,66234.7890625,77400.0,77700.0,75600.0,75800.0,6143629
2023-08-03,62127.2109375,72600.0,74100.0,72600.0,74100.0,2917624
2023-08-04,62469.49609375,73000.0,73000.0,72000.0,72500.0,3165221
2023-08-07,64095.4140625,74900.0,74900.0,72300.0,72900.0,5087933
2023-08-08,63753.12890625,74500.0,74900.0,73900.0,74700.0,3510526
2023-08-09,62555.0859375,73100.0,74500.0,72800.0,74500.0,3727162
2023-08-10,62555.0859375,73100.0,74000.0,72900.0,73100.0,2813226
2023-08-11,62897.37890625,73500.0,73500.0,72400.0,73100.0,2204332
2023-08-14,62811.80078125,73400.0,73500.0,72500.0,73400.0,3366514
2023-08-15,62298.359375,72800.0,73400.0,72700.0,72900.0,2259703
2023-08-16,62555.0859375,73100.0,73500.0,72500.0,72800.0,2083904
2023-08-17,62982.95703125,73600.0,74500.0,72900.0,73100.0,4650904
2023-08-18,62726.23828125,73300.0,74800.0,72100.0,73500.0,7106201
2023-08-21,62383.93359375,72900.0,73800.0,72700.0,72700.0,3617708
2023-08-22,62212.78515625,72700.0,73200.0,71100.0,73200.0,3075108
2023-08-23,62897.37890625,73500.0,73600.0,71600.0,72400.0,4172801
2023-08-24,63924.26953125,74700.0,74900.0,73000.0,73500.0,5206002
2023-08-25,64095.4140625,74900.0,75300.0,74300.0,75300.0,3045401
2023-08-28,66662.65625,77900.0,78100.0,75000.0,75000.0,6034900
2023-08-29,66234.7890625,77400.0,77600.0,76200.0,77500.0,4199801
2023-08-30,66577.0859375,77800.0,78500.0,76500.0,77000.0,2659700
2023-08-31,66577.0859375,77800.0,78900.0,77100.0,77500.0,4386000
2023-09-05,68545.3125,80100.0,80500.0,78100.0,78500.0,6839901
2023-09-06,68459.7421875,80000.0,80100.0,79500.0,80100.0,2280401
2023-09-07,68031.859375,79500.0,80000.0,78600.0,79900.0,3726700
2023-09-08,68459.7421875,80000.0,80100.0,79100.0,79200.0,2774901
2023-09-11,68031.859375,79500.0,81100.0,77600.0,80000.0,4234900
2023-09-12,68716.4609375,80300.0,80700.0,78300.0,79000.0,2708500
2023-09-13,67689.5703125,79100.0,80300.0,78700.0,79600.0,2507600
2023-09-14,67946.28125,79400.0,80000.0,78400.0,78500.0,2660100
2023-09-15,68031.859375,79500.0,81200.0,79000.0,79400.0,5614800
2023-09-18,67518.40625,78900.0,79800.0,78700.0,79100.0,1499600
2023-09-19,67518.40625,78900.0,78900.0,77400.0,78500.0,2571703
2023-09-20,67004.96875,78300.0,78800.0,78000.0,78400.0,2403202
2023-09-21,66748.2421875,78000.0,78300.0,77300.0,78100.0,2577902
2023-09-22,66320.375,77500.0,78300.0,75800.0,77100.0,4361903
2023-09-25,66405.9375,77600.0,78500.0,76700.0,77200.0,2795503
2023-09-26,65122.31640625,76100.0,78000.0,76000.0,77600.0,2634600
2023-09-27,65550.1875,76600.0,76600.0,74800.0,76300.0,2273300
2023-09-28,64009.8515625,74800.0,76400.0,74800.0,76100.0,2034300
2023-09-29,63496.40234375,74200.0,76400.0,74200.0,75000.0,1403900
2023-10-02,64694.45703125,75600.0,75600.0,74200.0,74200.0,1304901
2023-10-03,63325.24609375,74000.0,75100.0,73900.0,74600.0,2013700
2023-10-04,63667.55078125,74400.0,74600.0,73400.0,73600.0,1177900
2023-10-05,62212.78515625,72700.0,74400.0,72700.0,74100.0,2645700
2023-10-06,63496.40234375,74200.0,74200.0,72600.0,72700.0,1327000
2023-10-09,63068.53125,73700.0,74100.0,73600.0,74000.0,1621374
2023-10-10,63667.55078125,74400.0,75000.0,74000.0,74300.0,1123900
2023-10-11,63667.55078125,74400.0,74800.0,74000.0,74600.0,1898774
2023-10-12,64608.87890625,75500.0,75900.0,74500.0,74500.0,2534800
2023-10-13,64865.59765625,75800.0,76300.0,75000.0,75400.0,1560000
2023-10-16,64352.15625,75200.0,75800.0,74700.0,75100.0,1374400
2023-10-17,64009.8515625,74800.0,76100.0,74800.0,75300.0,1595900
2023-10-18,63239.67578125,73900.0,74800.0,72400.0,74800.0,2572400
2023-10-19,61100.3125,71400.0,73400.0,70900.0,73400.0,4007700
2023-10-20,61870.484375,72300.0,72500.0,70200.0,71300.0,2371808
2023-10-23,60073.4140625,70200.0,72000.0,70100.0,71700.0,2804900
2023-10-24,60158.984375,70300.0,70800.0,70100.0,70200.0,1099508
2023-10-25,59046.51953125,69000.0,70800.0,69000.0,70300.0,2477700
2023-10-26,57335.02734375,67000.0,68600.0,65900.0,68500.0,5201700
2023-10-27,58190.7734375,68000.0,68000.0,66600.0,67300.0,1811000
2023-10-30,57848.47265625,67600.0,68000.0,67100.0,67900.0,1112000
2023-10-31,58190.7734375,68000.0,69500.0,67600.0,67900.0,2183600
2023-11-01,60244.5703125,70400.0,70500.0,67900.0,69000.0,2337200
2023-11-02,60672.44140625,70900.0,70900.0,69800.0,70500.0,2390200
2023-11-03,59902.26953125,70000.0,70900.0,69800.0,70900.0,1692700
2023-11-06,60758.015625,71000.0,71500.0,70100.0,70200.0,1136800
2023-11-07,60586.86328125,70800.0,70800.0,69800.0,70500.0,1474700
2023-11-08,61100.3125,71400.0,71500.0,69800.0,70800.0,2339600
2023-11-09,60501.28515625,70700.0,72100.0,70700.0,71600.0,3420100
2023-11-10,59559.96875,69600.0,70800.0,69600.0,70800.0,2833100
2023-11-13,58789.78515625,68700.0,70000.0,68600.0,69700.0,1730800
2023-11-14,58960.94921875,68900.0,69400.0,68200.0,69000.0,2996000
2023-11-15,60501.28515625,70700.0,71800.0,70000.0,70000.0,3949400
2023-11-16,60158.984375,70300.0,71300.0,69900.0,70600.0,2368200
2023-11-17,59902.26953125,70000.0,71100.0,69200.0,71000.0,2335800
2023-11-20,59303.24609375,69300.0,69900.0,69000.0,69200.0,2001000
2023-11-21,59474.39453125,69500.0,69800.0,68900.0,69400.0,2989800
2023-11-22,59388.81640625,69400.0,70200.0,69000.0,69500.0,1533200
2023-11-23,58789.78515625,68700.0,69900.0,68700.0,69800.0,1653100
2023-11-24,58447.5,68300.0,68900.0,67600.0,68600.0,3128900
2023-11-27,58276.3515625,68100.0,68400.0,67900.0,68300.0,1333300
2023-11-28,58618.64453125,68500.0,68500.0,67500.0,68100.0,2192953
2023-11-29,58533.07421875,68400.0,68800.0,68200.0,68500.0,1419153
2023-11-30,57677.32421875,67400.0,68700.0,67400.0,68400.0,2630600
2023-12-01,58533.07421875,68400.0,68500.0,67700.0,68000.0,1558800
2023-12-04,58875.3671875,68800.0,69500.0,68400.0,68500.0,3006600
2023-12-05,58276.3515625,68100.0,69000.0,68000.0,68800.0,2302100
2023-12-06,58618.64453125,68500.0,68600.0,68100.0,68100.0,1606600
2023-12-07,58533.07421875,68400.0,68800.0,67500.0,68800.0,3921300
2023-12-08,59046.51953125,69000.0,69300.0,68000.0,68400.0,3729400
2023-12-11,59902.26953125,70000.0,70500.0,69900.0,70500.0,4763200
2023-12-12,59388.81640625,69400.0,70100.0,69000.0,70000.0,2788700
2023-12-13,58361.91796875,68200.0,69700.0,68100.0,69600.0,4601000
2023-12-15,58276.3515625,68100.0,68600.0,68100.0,68500.0,4122500
2023-12-18,57335.02734375,67000.0,68200.0,67000.0,68100.0,3613100
2023-12-19,57335.02734375,67000.0,67400.0,66300.0,67100.0,3151900
2023-12-20,58276.3515625,68100.0,68200.0,67000.0,67000.0,2623900
2023-12-21,58019.6171875,67800.0,68300.0,67800.0,67900.0,2875900
2023-12-22,57848.47265625,67600.0,68100.0,67500.0,67800.0,2620700
2023-12-25,58105.19921875,67900.0,68700.0,67600.0,67600.0,3128279
2023-12-26,58190.7734375,68000.0,68500.0,68000.0,68300.0,1975400
2023-12-27,58190.7734375,67500.0,68200.0,67500.0,68000.0,1736400
2023-12-28,59052.85546875,68500.0,68500.0,67500.0,67500.0,2873700
2023-12-29,58276.98046875,67600.0,68700.0,67600.0,68700.0,2257800
2024-01-02,58880.44140625,68300.0,68500.0,67900.0,68200.0,2142800
2024-01-03,59483.90234375,69000.0,69000.0,68000.0,68400.0,1979801
2024-01-04,59483.90234375,69000.0,69500.0,69000.0,69100.0,3401500
2024-01-05,59311.484375,68800.0,69300.0,68500.0,69300.0,1775700
2024-01-08,58794.23046875,68200.0,69100.0,68200.0,69000.0,2396400
2024-01-09,58708.02734375,68100.0,68500.0,68000.0,68200.0,2579400
2024-01-10,58190.7734375,67500.0,68100.0,67400.0,68100.0,3006600
2024-01-11,58535.609375,67900.0,68500.0,67500.0,67500.0,2083900
2024-01-12,57932.14453125,67200.0,67900.0,67000.0,67600.0,3283000
2024-01-15,57759.73046875,67000.0,67500.0,67000.0,67200.0,2336501
2024-01-16,58104.5703125,67400.0,67400.0,66700.0,67000.0,2072400
2024-01-17,57845.9375,67100.0,67900.0,67000.0,67500.0,1916400
2024-01-19,58621.81640625,68000.0,68600.0,67400.0,67400.0,2809300
2024-01-22,58880.44140625,68300.0,68700.0,68000.0,68000.0,1959800
2024-01-23,58363.1875,67700.0,68300.0,67600.0,68300.0,2252000
2024-01-24,58018.359375,67300.0,68000.0,67200.0,67800.0,2083500
2024-01-25,57673.51953125,66900.0,67500.0,66900.0,67400.0,2800500
2024-01-26,57759.73046875,67000.0,67500.0,67000.0,67000.0,1675800
2024-01-29,57759.73046875,67000.0,67300.0,66900.0,67100.0,2153800
2024-01-30,57673.51953125,66900.0,67300.0,66900.0,67300.0,1840400
2024-01-31,57759.73046875,67000.0,68200.0,66900.0,67200.0,4441100
2024-02-01,58190.7734375,67500.0,67800.0,67200.0,67200.0,2549300
2024-02-02,58104.5703125,67400.0,67700.0,67000.0,67500.0,2677300
2024-02-05,58621.81640625,68000.0,68200.0,67200.0,67400.0,3565900
2024-02-06,58276.98046875,67600.0,68200.0,67600.0,68100.0,2463800
2024-02-07,58276.98046875,67600.0,67900.0,67200.0,67600.0,2736300
2024-02-15,58276.98046875,67600.0,68000.0,67200.0,67600.0,4115500
2024-02-16,60345.98828125,70000.0,70300.0,67500.0,67800.0,11114600
2024-02-19,61983.953125,71900.0,72600.0,70700.0,70900.0,7144500
2024-02-20,61639.1171875,71500.0,72400.0,71300.0,71700.0,4435700
2024-02-21,61466.703125,71300.0,71900.0,71000.0,71500.0,3590200
2024-02-22,61725.3203125,71600.0,72700.0,71100.0,71300.0,4698100
2024-02-23,61208.078125,71000.0,72700.0,71000.0,71800.0,6142500
2024-02-26,61208.078125,71000.0,71700.0,70700.0,71000.0,3138400
2024-02-27,62070.16015625,72000.0,72400.0,71100.0,71200.0,5282500
2024-02-28,62242.56640625,72200.0,72600.0,71500.0,72400.0,3509000
2024-02-29,62070.16015625,72000.0,73300.0,71600.0,72600.0,6568800
2024-03-01,61639.1171875,71500.0,72100.0,71200.0,72100.0,4487700
2024-03-04,62070.16015625,72000.0,72700.0,71600.0,71800.0,5014600
2024-03-05,62932.23828125,73000.0,73000.0,71700.0,72000.0,5530900
2024-03-06,61897.74609375,71800.0,73500.0,71800.0,73300.0,4833900
2024-03-07,62070.16015625,72000.0,72100.0,71300.0,71700.0,5217600
2024-03-08,60345.98828125,70000.0,72900.0,70000.0,72100.0,7361000
2024-03-11,61393.9609375,70300.0,71300.0,70000.0,70500.0,4268400
2024-03-12,61131.97265625,70000.0,70600.0,70000.0,70400.0,3844000
2024-03-13,61830.62109375,70800.0,70900.0,70000.0,70100.0,5706500
2024-03-14,61568.62109375,70500.0,71300.0,70300.0,71000.0,5476400
2024-03-15,60860.94140625,68800.0,70100.0,68700.0,70100.0,4851100
2024-03-18,60064.796875,67900.0,69100.0,67600.0,68800.0,6796300
2024-03-19,59976.33203125,67800.0,68500.0,67800.0,68500.0,3222100
2024-03-20,60153.25,68000.0,68600.0,67500.0,67800.0,3657800
2024-03-21,60507.1015625,68400.0,68500.0,67900.0,68200.0,5061700
2024-03-22,59976.33203125,67800.0,68700.0,67800.0,68600.0,6162600
2024-03-25,59534.03125,67300.0,68200.0,67100.0,67900.0,5588600
2024-03-26,59887.87109375,67700.0,67900.0,67300.0,67400.0,2524500
2024-03-27,59887.87109375,67700.0,68000.0,67500.0,68000.0,2815600
2024-03-28,59887.87109375,67700.0,68400.0,67600.0,67700.0,4492200
2024-03-29,59799.4140625,67600.0,68400.0,67500.0,68400.0,3694900
2024-04-01,59268.6484375,67000.0,67700.0,67000.0,67600.0,5013000
2024-04-02,59534.03125,67300.0,67400.0,66700.0,67000.0,4322900
2024-04-03,59003.265625,66700.0,67300.0,66700.0,67300.0,5046100
2024-04-04,60330.18359375,68200.0,68400.0,66700.0,66700.0,8598100
2024-04-05,60064.796875,67900.0,68200.0,67700.0,68200.0,4233800
2024-04-08,59268.6484375,67000.0,68000.0,66900.0,68000.0,3716000
2024-04-09,59268.6484375,67000.0,67300.0,66800.0,67100.0,2516000
2024-04-10,59091.7265625,66800.0,67300.0,66800.0,67100.0,4464100
2024-04-11,58914.8046875,66600.0,66900.0,66500.0,66700.0,2947700
2024-04-12,59003.265625,66700.0,67100.0,66600.0,66800.0,2509200
2024-04-15,57410.97265625,64900.0,66700.0,64900.0,66700.0,5776100
2024-04-16,56614.828125,64000.0,65000.0,63000.0,64900.0,7128700
2024-04-17,56791.75,64200.0,64900.0,64200.0,64400.0,5144500
2024-04-19,56791.75,64200.0,64400.0,63300.0,64200.0,4677100
2024-04-22,56614.828125,64000.0,65300.0,64000.0,64700.0,2035200
2024-04-23,56172.5234375,63500.0,64300.0,63200.0,64200.0,2139400
2024-04-24,56614.828125,64000.0,64300.0,63500.0,64000.0,2478300
2024-04-25,57234.0546875,64700.0,64800.0,63900.0,64000.0,2006000
2024-04-26,57499.43359375,65000.0,65800.0,64500.0,64700.0,2940600
2024-05-02,57853.2734375,65400.0,65500.0,64900.0,65400.0,2563400
2024-05-03,58030.19921875,65600.0,66000.0,65500.0,65600.0,2204400
2024-05-06,58207.12109375,65800.0,66400.0,65500.0,65800.0,2261300
2024-05-07,60153.25,68000.0,68500.0,65900.0,66000.0,8723900
2024-05-08,60064.796875,67900.0,68000.0,67100.0,68000.0,2984400
2024-05-09,58914.8046875,66600.0,67900.0,66600.0,67900.0,2998000
2024-05-10,58826.34765625,66500.0,67500.0,66100.0,66700.0,2438800
2024-05-13,58207.12109375,65800.0,66800.0,65400.0,66600.0,2882500
2024-05-14,58826.34765625,66500.0,67000.0,65900.0,65900.0,2704800
2024-05-15,59268.6484375,67000.0,67300.0,66700.0,66900.0,3895400
2024-05-16,59445.56640625,67200.0,67700.0,67000.0,67100.0,3153300
2024-05-17,59268.6484375,67000.0,67800.0,66800.0,67300.0,4349200
2024-05-20,58737.8828125,66400.0,67600.0,66400.0,67100.0,4941500
2024-05-21,58560.96484375,66200.0,66600.0,65800.0,66400.0,3821200
2024-05-22,58207.12109375,65800.0,66700.0,65800.0,66400.0,3728300
2024-05-23,59268.6484375,67000.0,67000.0,65800.0,66000.0,2991400
2024-05-24,58384.04296875,66000.0,66900.0,65700.0,66700.0,4194100
2024-05-27,58472.50390625,66100.0,66600.0,65800.0,66100.0,2426600
2024-05-28,59091.7265625,66800.0,67300.0,66100.0,66300.0,5787500
2024-05-29,58649.42578125,66300.0,67300.0,66000.0,67000.0,3644200
2024-05-30,58118.65625,65700.0,66200.0,65500.0,66100.0,4502600
2024-05-31,57853.2734375,65400.0,65900.0,65300.0,65900.0,4165400
2024-06-03,58472.50390625,66100.0,66600.0,65700.0,65800.0,3302200
2024-06-04,58384.04296875,66000.0,66600.0,66000.0,66100.0,3755800
2024-06-05,60595.55859375,68500.0,69200.0,66200.0,66200.0,11865800
2024-06-06,59445.56640625,67200.0,69000.0,67200.0,69000.0,4907800
2024-06-07,59976.33203125,67800.0,68600.0,67500.0,67600.0,4127600
2024-06-10,59445.56640625,67200.0,68500.0,67200.0,68400.0,4584100
2024-06-11,58826.34765625,66500.0,67500.0,66400.0,67400.0,6177000
2024-06-12,59268.6484375,67000.0,67300.0,66300.0,66500.0,3522696
2024-06-13,59180.18359375,66900.0,67400.0,66800.0,67000.0,4003600
2024-06-14,58560.96484375,66200.0,67300.0,66200.0,67000.0,4124200
2024-06-17,58384.04296875,66000.0,66600.0,66000.0,66300.0,3617600
2024-06-18,58295.58203125,65900.0,66500.0,65900.0,66500.0,2751700
2024-06-19,57764.8203125,65300.0,66000.0,65100.0,66000.0,6211000
2024-06-20,58384.04296875,66000.0,66800.0,65200.0,65400.0,4397100
2024-06-21,58384.04296875,66000.0,67100.0,66000.0,66500.0,4023700
2024-06-24,57941.73828125,65500.0,66600.0,65300.0,66100.0,3871900
2024-06-25,57941.73828125,65500.0,66200.0,65500.0,65800.0,3680600
2024-06-26,57676.35546875,65200.0,65800.0,65100.0,65800.0,2599300
2024-06-27,57764.8203125,65300.0,65600.0,65100.0,65200.0,2755400
2024-06-28,57941.73828125,65500.0,66000.0,65300.0,65500.0,2821700
2024-07-01,58384.04296875,66000.0,66000.0,65300.0,65800.0,1909300
2024-07-02,58560.96484375,66200.0,66300.0,65800.0,66000.0,2042800
2024-07-03,58560.96484375,66200.0,66300.0,66000.0,66200.0,1437600
2024-07-04,58737.8828125,66400.0,66900.0,66300.0,66300.0,2688900
2024-07-05,59445.56640625,67200.0,67500.0,66400.0,66400.0,4285100
2024-07-08,59799.4140625,67600.0,67700.0,67000.0,67300.0,4942400
2024-07-09,59710.953125,67500.0,67800.0,67200.0,67600.0,5045200
2024-07-10,59091.7265625,66800.0,67800.0,66800.0,67500.0,3991700
2024-07-11,58649.42578125,66300.0,67000.0,66300.0,66900.0,3787100
2024-07-12,58649.42578125,66300.0,66600.0,66100.0,66400.0,2189900
2024-07-15,58560.96484375,66200.0,66900.0,66200.0,66300.0,2155300
2024-07-16,58472.50390625,66100.0,66700.0,66100.0,66400.0,2243700
2024-07-17,58118.65625,65700.0,66500.0,65600.0,66200.0,3464800
2024-07-18,58295.58203125,65900.0,66000.0,65500.0,66000.0,2363000
2024-07-19,57764.8203125,65300.0,65900.0,65100.0,65900.0,3412700
2024-07-22,57853.2734375,65400.0,66000.0,65200.0,65300.0,2654800
2024-07-23,58295.58203125,65900.0,66300.0,65500.0,65600.0,3777800
2024-07-24,58030.19921875,65600.0,66100.0,65600.0,65800.0,3913500
2024-07-25,58030.19921875,65600.0,65700.0,65300.0,65600.0,1957600
2024-07-26,58207.12109375,65800.0,66200.0,65400.0,65400.0,3275400
2024-07-29,59445.56640625,67200.0,67600.0,65900.0,66200.0,5781800
2024-07-30,59887.87109375,67700.0,68400.0,66900.0,67300.0,6465600
2024-07-31,63337.8359375,71600.0,72000.0,68500.0,68500.0,21564900
2024-08-01,62187.8515625,70300.0,71900.0,70100.0,71800.0,8955800
2024-08-02,63249.375,71500.0,71900.0,70000.0,70000.0,10290200
2024-08-05,61391.70703125,69400.0,71200.0,68500.0,71000.0,12245500
2024-08-06,64310.90234375,72700.0,73300.0,70000.0,70300.0,13950400
2024-08-07,65283.9765625,73800.0,73800.0,72400.0,73200.0,10740700
2024-08-08,64310.90234375,72700.0,74400.0,72200.0,73900.0,7608800
2024-08-09,64841.671875,73300.0,73400.0,72500.0,72800.0,4527500
2024-08-12,64576.28515625,73000.0,74400.0,72800.0,73300.0,5804000
2024-08-13,65283.9765625,73800.0,74400.0,72700.0,72800.0,6834400
2024-08-14,65460.89453125,74000.0,74100.0,73300.0,74000.0,5456225
2024-08-15,65283.9765625,73800.0,74600.0,73700.0,74000.0,4255830
2024-08-16,65283.9765625,73800.0,74100.0,73200.0,74000.0,7392917
2024-08-19,67230.109375,76000.0,76000.0,73800.0,74000.0,7917931
2024-08-20,66876.265625,75600.0,76200.0,75300.0,76000.0,4177349
2024-08-21,66610.890625,75300.0,76100.0,75100.0,75200.0,3991045
2024-08-22,65637.8203125,74200.0,76000.0,73600.0,76000.0,6025954
2024-08-23,66257.0390625,74900.0,75600.0,74400.0,74900.0,3307633
2024-08-26,64930.12890625,73400.0,75000.0,73300.0,74900.0,6324827
2024-08-28,65372.43359375,73900.0,74000.0,73200.0,73600.0,3352840
2024-08-29,65018.58984375,73500.0,74000.0,73400.0,73700.0,2042980
2024-08-30,65372.43359375,73900.0,74800.0,73400.0,73600.0,3675800
2024-09-04,65726.2734375,74300.0,74500.0,73100.0,73300.0,2839125
2024-09-05,66080.125,74700.0,75400.0,74100.0,74300.0,5857542
2024-09-06,66699.34375,75400.0,75500.0,74800.0,74900.0,3641800
2024-09-09,66168.578125,74800.0,75100.0,74200.0,75100.0,2638800
2024-09-10,66257.0390625,74900.0,75500.0,74300.0,74800.0,3332434
2024-09-11,65991.65625,74600.0,75100.0,73900.0,74800.0,3165231
2024-09-12,66080.125,74700.0,75200.0,74400.0,75000.0,2052124
2024-09-13,64487.828125,72900.0,74800.0,72900.0,74800.0,5347113
2024-09-16,63603.2265625,71900.0,73000.0,71900.0,73000.0,4034700
2024-09-17,64930.12890625,73400.0,73400.0,71700.0,72000.0,2526732
2024-09-18,64841.671875,73300.0,73900.0,73000.0,73600.0,2845344
2024-09-19,64841.671875,73300.0,73500.0,73000.0,73300.0,1572742
2024-09-20,64310.90234375,72700.0,74000.0,72700.0,73500.0,6555403
2024-09-23,64487.828125,72900.0,73200.0,72600.0,73100.0,2997201
2024-09-24,64350.5234375,70300.0,71000.0,70100.0,71000.0,2199514
2024-09-25,63709.7578125,69600.0,70400.0,69600.0,70300.0,4847436
2024-09-26,64716.66796875,70700.0,71100.0,69600.0,69600.0,4484109
2024-09-27,64991.27734375,71000.0,71200.0,70700.0,70800.0,3168700
2024-09-30,64167.44140625,70100.0,71000.0,70100.0,71000.0,2043516
2024-10-01,64167.44140625,70100.0,70700.0,70100.0,70200.0,2040200
2024-10-02,64167.44140625,70100.0,70200.0,69600.0,70200.0,3279930
2024-10-03,64350.5234375,70300.0,70500.0,69900.0,70200.0,2948030
2024-10-04,62702.85546875,68500.0,70500.0,68400.0,70500.0,6751000
2024-10-07,61421.33984375,67100.0,69300.0,67100.0,68700.0,6381300
2024-10-08,62428.25,68200.0,68200.0,67200.0,67200.0,3177649
2024-10-09,62062.09375,67800.0,68600.0,67800.0,68300.0,3827960
2024-10-10,61970.5546875,67700.0,68800.0,67700.0,68300.0,3122515
2024-10-11,61970.5546875,67700.0,68200.0,67500.0,68100.0,2690038
2024-10-14,61512.87109375,67200.0,68100.0,67100.0,68100.0,3220500
2024-10-15,61146.7265625,66800.0,67400.0,66700.0,67200.0,3473302
2024-10-16,61787.484375,67500.0,68100.0,66800.0,66800.0,2003900
2024-10-17,61879.0234375,67600.0,67900.0,67300.0,67600.0,1655019
2024-10-18,61695.94921875,67400.0,68000.0,67400.0,67600.0,1737502
2024-10-21,61604.41015625,67300.0,67900.0,67200.0,67400.0,1860000
2024-10-22,61604.41015625,67300.0,67800.0,67200.0,67300.0,2250400
2024-10-23,61604.41015625,67300.0,67600.0,67200.0,67300.0,1835900
2024-10-24,62611.3203125,68400.0,69000.0,67300.0,67300.0,4365000
2024-10-25,62245.1640625,68000.0,68600.0,67900.0,68600.0,2170200
2024-10-28,61512.87109375,67200.0,68000.0,66700.0,67700.0,2923300
2024-10-29,61329.80078125,67000.0,67300.0,66800.0,67300.0,2030600
2024-10-31,60505.96875,66100.0,66600.0,65300.0,66600.0,5269100
2024-11-01,60231.35546875,65800.0,66300.0,65600.0,66100.0,2178005
2024-11-04,60048.28125,65600.0,66600.0,65600.0,65900.0,2118800
2024-11-06,60231.35546875,65800.0,66000.0,65300.0,66000.0,2594600
2024-11-07,60322.89453125,65900.0,66200.0,65600.0,66000.0,1152300
2024-11-08,60139.81640625,65700.0,66200.0,65600.0,66000.0,1852400
2024-11-11,59682.1328125,65200.0,65800.0,64700.0,65700.0,2737600
2024-11-12,59407.51953125,64900.0,65700.0,64800.0,65200.0,1729600
2024-11-13,59499.05859375,65000.0,65600.0,64700.0,65100.0,2820700
2024-11-14,59499.05859375,65000.0,65000.0,64700.0,65000.0,1779900
2024-11-15,58309.07421875,63700.0,64900.0,63700.0,64900.0,3688300
2024-11-18,57851.39453125,63200.0,64200.0,63200.0,63700.0,3797000
2024-11-19,57668.3203125,63000.0,63500.0,63000.0,63300.0,2833600
2024-11-20,58217.54296875,63600.0,63800.0,62900.0,63000.0,2818000
2024-11-21,58492.15625,63900.0,64100.0,63400.0,63700.0,2253500
2024-11-22,58858.30078125,64300.0,64800.0,63900.0,63900.0,2585700
2024-11-25,58858.30078125,64300.0,64600.0,64200.0,64300.0,2446600
2024-11-26,59315.98828125,64800.0,65000.0,64400.0,64500.0,1675600
2024-11-27,59132.91015625,64600.0,65000.0,64500.0,64800.0,1586400
2024-11-28,59041.375,64500.0,65000.0,64500.0,65000.0,1273300
2024-11-29,59132.91015625,64600.0,64800.0,64300.0,64500.0,1105500
2024-12-02,59041.375,64500.0,64800.0,64200.0,64600.0,1229100
2024-12-03,58492.15625,63900.0,64600.0,63900.0,64600.0,2425200
2024-12-04,57942.9296875,63300.0,63900.0,63300.0,63800.0,2745800
2024-12-05,58858.30078125,64300.0,64700.0,63200.0,63500.0,2218400
2024-12-06,58675.2265625,64100.0,64800.0,64100.0,64500.0,1677900
2024-12-09,58675.2265625,64100.0,64500.0,64000.0,64500.0,1762700
2024-12-10,58492.15625,63900.0,64400.0,63900.0,64100.0,1711000
2024-12-11,58766.76171875,64200.0,64600.0,63900.0,63900.0,2024600
2024-12-12,59132.91015625,64600.0,64900.0,64200.0,64200.0,2247507
2024-12-13,58766.76171875,64200.0,64500.0,64100.0,64300.0,1396700
2024-12-16,59499.05859375,65000.0,65200.0,64200.0,64200.0,2387600
2024-12-17,59132.91015625,64600.0,65000.0,64500.0,64900.0,1203900
2024-12-18,59224.44921875,64700.0,65100.0,64700.0,65000.0,1614100
2024-12-19,58492.15625,63900.0,64500.0,63900.0,64400.0,2646900
2024-12-20,59499.05859375,65000.0,65000.0,64000.0,64000.0,3799600
2024-12-23,58949.8359375,64400.0,65000.0,64300.0,64700.0,1367800
2024-12-24,58858.30078125,64300.0,64700.0,64100.0,64400.0,4725000
2024-12-25,58949.8359375,64400.0,64900.0,64400.0,64400.0,1382500
2024-12-26,58857.5859375,63800.0,64200.0,63800.0,64200.0,3886800
2024-12-27,58857.5859375,63800.0,64100.0,63700.0,63900.0,2819200
2024-12-30,58396.3203125,63300.0,63700.0,63300.0,63600.0,1490800
2024-12-31,58488.57421875,63400.0,63800.0,63300.0,63400.0,3349900
2025-01-02,58211.8125,63100.0,63800.0,63100.0,63600.0,2336600
2025-01-03,58119.55859375,63000.0,63300.0,62900.0,63200.0,1856800
2025-01-06,57658.2890625,62500.0,63200.0,62500.0,63000.0,2103500
2025-01-07,56920.265625,61700.0,63000.0,61600.0,62600.0,2802100
2025-01-08,56920.265625,61700.0,62100.0,61200.0,62000.0,2084300
2025-01-09,57012.51953125,61800.0,61900.0,61300.0,61800.0,1500000
2025-01-10,56551.25390625,61300.0,61900.0,61300.0,61700.0,1720800
2025-01-13,56643.5078125,61400.0,61900.0,61100.0,61200.0,1601700
2025-01-14,56828.01171875,61600.0,61800.0,61300.0,61400.0,1235100
2025-01-15,56920.265625,61700.0,62300.0,61700.0,62100.0,1216400
2025-01-16,57104.7734375,61900.0,62600.0,61700.0,62300.0,1684500
2025-01-17,57197.02734375,62000.0,62200.0,62000.0,62200.0,2303292
2025-01-20,57104.7734375,61900.0,62200.0,61600.0,62000.0,1633600
2025-01-21,57012.51953125,61800.0,62100.0,61600.0,62000.0,1975738
2025-01-22,56828.01171875,61600.0,62000.0,61600.0,62000.0,1760900
2025-01-23,57197.02734375,62000.0,62300.0,61600.0,61600.0,1858300
2025-01-24,57381.53125,62200.0,62500.0,61800.0,61900.0,1658900
2025-02-03,55813.2265625,60500.0,62200.0,60500.0,62200.0,7629600
2025-02-04,55536.46484375,60200.0,60900.0,60000.0,60600.0,7983000
2025-02-05,56735.76171875,61500.0,61500.0,60400.0,60400.0,3809900
2025-02-06,55997.73046875,60700.0,61600.0,60500.0,61500.0,3224800
2025-02-07,56089.984375,60800.0,61200.0,60600.0,60700.0,3012600
2025-02-10,55905.48046875,60600.0,61200.0,60600.0,61200.0,2592100
2025-02-11,55720.97265625,60400.0,60700.0,60100.0,60600.0,3666500
2025-02-12,56274.4921875,61000.0,61000.0,60500.0,60600.0,3555200
2025-02-13,55997.73046875,60700.0,61000.0,60400.0,61000.0,2624800
2025-02-14,55628.71875,60300.0,60700.0,60300.0,60700.0,6488800
2025-02-17,55351.9609375,60000.0,60600.0,60000.0,60400.0,3632400
2025-02-18,55628.71875,60300.0,60500.0,60000.0,60400.0,2496800
2025-02-19,56089.984375,60800.0,60900.0,60300.0,60300.0,3072700
2025-02-20,55997.73046875,60700.0,60900.0,60600.0,60900.0,4473200
2025-02-21,56643.5078125,61400.0,62100.0,60600.0,60800.0,4737200
2025-02-24,58857.5859375,63800.0,63900.0,61600.0,61600.0,11512800
2025-02-25,58027.3046875,62900.0,64000.0,62600.0,64000.0,3934200
2025-02-26,58211.8125,63100.0,63400.0,62900.0,63000.0,3782600
2025-02-27,57381.53125,62200.0,63200.0,62200.0,63200.0,3570600
2025-02-28,57381.53125,62200.0,63200.0,62200.0,62300.0,5468200
2025-03-03,58304.06640625,63200.0,63200.0,62300.0,62800.0,3660600
2025-03-04,58580.82421875,63500.0,63800.0,62900.0,63200.0,6242000
2025-03-05,57842.796875,62700.0,63600.0,62700.0,63600.0,2275500
2025-03-06,58027.3046875,62900.0,62900.0,62200.0,62700.0,3175600
2025-03-07,57842.796875,62700.0,63000.0,62400.0,62900.0,2655600
2025-03-10,57658.2890625,62500.0,63000.0,62500.0,63000.0,2579500
2025-03-11,57566.0390625,62400.0,62500.0,62100.0,62300.0,2287600
2025-03-12,57381.53125,62200.0,62800.0,62200.0,62500.0,2755400
2025-03-13,57197.02734375,62000.0,62900.0,61900.0,62300.0,5100400
2025-03-14,57289.27734375,62100.0,62700.0,62100.0,62400.0,2696700
2025-03-17,58119.55859375,63000.0,63400.0,62400.0,62400.0,4177100
2025-03-18,57658.2890625,62500.0,63100.0,62500.0,63100.0,3281943
2025-03-19,57473.78515625,62300.0,62800.0,61900.0,62700.0,3153400
2025-03-20,57012.51953125,61800.0,62200.0,61300.0,62200.0,3939200
2025-03-21,56551.25390625,61300.0,61800.0,61200.0,61800.0,3855000
2025-03-24,56643.5078125,61400.0,62000.0,61100.0,61400.0,2539900
2025-03-25,56643.5078125,61400.0,61700.0,61200.0,61700.0,2507400
2025-03-26,56459.0,61200.0,61900.0,61200.0,61500.0,1846000
2025-03-27,56366.74609375,61100.0,61500.0,61100.0,61200.0,2313900
2025-03-28,55628.71875,60300.0,61100.0,60200.0,61000.0,5561600
2025-03-31,55905.48046875,60600.0,61600.0,60600.0,60800.0,5880100
2025-04-01,56089.984375,60800.0,61200.0,60300.0,61200.0,3129300
2025-04-02,55813.2265625,60500.0,61400.0,60500.0,60700.0,4684400
2025-04-03,52123.09375,56500.0,59600.0,56300.0,59500.0,16938200
2025-04-04,53968.16015625,58500.0,58800.0,53800.0,54000.0,9826600
2025-04-08,50278.03125,54500.0,56900.0,54500.0,56700.0,13765200
2025-04-09,47971.69921875,52000.0,55200.0,51400.0,51400.0,9932600
2025-04-10,51292.81640625,55600.0,55600.0,55600.0,55600.0,1914300
2025-04-11,53045.62890625,57500.0,58400.0,55600.0,55600.0,9164400
2025-04-14,52492.10546875,56900.0,57900.0,56500.0,57900.0,5679700
2025-04-15,51938.58984375,56300.0,57500.0,56300.0,56700.0,4163500
2025-04-16,51661.828125,56000.0,57200.0,56000.0,56400.0,3735600
2025-04-17,51661.828125,56000.0,56600.0,54800.0,55500.0,7219000
2025-04-18,52215.34765625,56600.0,57300.0,56600.0,56700.0,3137200
2025-04-21,52307.6015625,56700.0,57100.0,56500.0,56800.0,3021400
2025-04-22,51661.828125,56000.0,56600.0,53900.0,56600.0,7205000
2025-04-23,52030.84375,56400.0,57300.0,56400.0,56800.0,3586000
2025-04-24,51938.58984375,56300.0,56800.0,56200.0,56500.0,2106400
2025-04-25,53783.65234375,58300.0,58300.0,56500.0,56500.0,8517700
2025-04-28,53045.62890625,57500.0,58300.0,57500.0,58300.0,2664700
2025-04-29,53137.8828125,57600.0,57900.0,57200.0,57500.0,4938200
2025-05-05,52492.10546875,56900.0,57600.0,56900.0,57500.0,4242785
2025-05-06,52492.10546875,56900.0,57400.0,56900.0,57000.0,2555912
2025-05-07,52768.87109375,57200.0,57700.0,56900.0,56900.0,2910910
2025-05-08,52953.375,57400.0,57800.0,57200.0,57200.0,3374914
2025-05-09,53230.13671875,57700.0,58600.0,57700.0,57700.0,3839463
2025-05-12,54060.4140625,58600.0,58700.0,58000.0,58000.0,6333641
2025-05-13,53968.16015625,58500.0,59000.0,58300.0,58900.0,4727400
2025-05-14,53681.60546875,56200.0,57000.0,56100.0,57000.0,5045042
2025-05-15,54254.71875,56800.0,57000.0,56200.0,56200.0,4565546
2025-05-16,53681.60546875,56200.0,56800.0,56200.0,56800.0,3204963
2025-05-19,53490.56640625,56000.0,57000.0,56000.0,56200.0,2972490
2025-05-20,53395.046875,55900.0,56300.0,55800.0,56100.0,5221964
2025-05-21,52917.453125,55400.0,56000.0,55400.0,56000.0,5696593
2025-05-22,52535.37890625,55000.0,55600.0,55000.0,55400.0,2961276
2025-05-23,52821.93359375,55300.0,55500.0,55100.0,55200.0,5369703
2025-05-26,53204.01171875,55700.0,55800.0,55000.0,55400.0,2735753
2025-05-27,52917.453125,55400.0,56000.0,55300.0,55900.0,3670058
2025-05-28,52726.4140625,55200.0,55700.0,55100.0,55700.0,3908641
2025-05-29,52630.8984375,55100.0,55500.0,55100.0,55500.0,2935775
2025-05-30,52439.859375,54900.0,55400.0,54800.0,55400.0,3290048
2025-06-02,52153.30078125,54600.0,55200.0,54500.0,54900.0,2650970
2025-06-03,53012.97265625,55500.0,56000.0,54700.0,54700.0,4318030
2025-06-04,54350.23828125,56900.0,57800.0,55500.0,55800.0,8429633
2025-06-05,53777.125,56300.0,57100.0,56300.0,57000.0,2820718
2025-06-06,52821.93359375,55300.0,56400.0,55100.0,56400.0,4131100
2025-06-09,52821.93359375,55300.0,56300.0,55300.0,55400.0,3041347
2025-06-10,52821.93359375,55300.0,56100.0,55100.0,55500.0,3006169
2025-06-11,52726.4140625,55200.0,55600.0,55100.0,55300.0,1724483
2025-06-12,53395.046875,55900.0,56200.0,55500.0,55600.0,3246516
2025-06-13,53012.97265625,55500.0,55700.0,55200.0,55500.0,3538652
2025-06-16,53777.125,56300.0,56600.0,55400.0,55400.0,4734519
2025-06-17,53681.60546875,56200.0,56700.0,56100.0,56400.0,3412338
2025-06-18,53490.56640625,56000.0,56800.0,56000.0,56300.0,4104359
2025-06-19,53586.0859375,56100.0,56400.0,55700.0,56000.0,2633373
2025-06-20,54063.6796875,56600.0,56700.0,55900.0,56300.0,4666374
2025-06-23,53395.046875,55900.0,56400.0,55800.0,56000.0,3526767
2025-06-24,53872.640625,56400.0,56500.0,56100.0,56200.0,2810703
2025-06-25,54254.71875,56800.0,57800.0,56400.0,56500.0,6276981
2025-06-26,53872.640625,56400.0,57000.0,56300.0,56800.0,3120209
2025-06-27,55209.90625,57800.0,58600.0,56300.0,56800.0,8906332
2025-06-30,55400.9453125,58000.0,58700.0,57900.0,58100.0,4495276
2025-07-01,54923.3515625,57500.0,58400.0,57200.0,58400.0,4072091
2025-07-02,55114.38671875,57700.0,58000.0,57300.0,57600.0,3779261
2025-07-03,54923.3515625,57500.0,58400.0,57300.0,57700.0,5350539
2025-07-04,55209.90625,57800.0,57900.0,57300.0,57500.0,2700639
2025-07-07,55305.42578125,57900.0,58300.0,57700.0,58000.0,3769261
2025-07-08,56356.1328125,59000.0,59200.0,57900.0,58000.0,7212064
2025-07-09,57502.359375,60200.0,60600.0,59100.0,59300.0,9848148
2025-07-10,57024.765625,59700.0,60600.0,59700.0,60500.0,5404397
2025-07-11,57120.28515625,59800.0,60800.0,59800.0,60300.0,6940382
2025-07-14,57597.87890625,60300.0,60800.0,59300.0,60000.0,6242143
2025-07-15,57406.83984375,60100.0,61200.0,60100.0,60600.0,6541284
2025-07-16,57406.83984375,60100.0,60200.0,59600.0,60000.0,4966353
2025-07-17,57406.83984375,60100.0,60600.0,59800.0,60300.0,6363587
2025-07-18,57502.359375,60200.0,61100.0,60000.0,60100.0,5833240
2025-07-21,57311.3203125,60000.0,60800.0,60000.0,60300.0,5509591
2025-07-22,57502.359375,60200.0,60200.0,59500.0,60000.0,4766106
2025-07-23,58935.140625,61700.0,61700.0,60200.0,60400.0,9237999
2025-07-24,60845.51953125,63700.0,64000.0,62100.0,62100.0,13535600
2025-07-25,60367.92578125,63200.0,63800.0,63100.0,63800.0,5132723
2025-07-28,60463.4453125,63300.0,63900.0,63000.0,63300.0,8472643
2025-07-29,60367.92578125,63200.0,64200.0,62800.0,63300.0,10967720
2025-07-30,60081.3671875,62900.0,63500.0,62800.0,63000.0,6086980
2025-07-31,58457.546875,61200.0,63500.0,60400.0,63000.0,11399420
2025-08-01,57311.3203125,60000.0,61400.0,60000.0,61400.0,5322282
2025-08-04,57693.3984375,60400.0,60800.0,59800.0,59800.0,4362896
2025-08-05,57406.83984375,60100.0,61500.0,60000.0,60500.0,9573774
2025-08-06,58553.06640625,61300.0,61700.0,60400.0,60400.0,6083357
2025-08-07,58170.9921875,60900.0,62000.0,60800.0,61900.0,4748027
2025-08-08,58075.47265625,60800.0,61800.0,60600.0,61000.0,6700994
2025-08-11,58744.10546875,61500.0,62100.0,60900.0,61000.0,5995341
2025-08-12,59030.66015625,61800.0,62400.0,61400.0,62100.0,5417050
2025-08-13,58362.02734375,61100.0,62100.0,60800.0,62000.0,6211319
2025-08-14,58935.140625,61700.0,62200.0,61000.0,61300.0,6400954
2025-08-15,58266.51171875,61000.0,62200.0,61000.0,62000.0,5667842
2025-08-18,57979.953125,60700.0,61300.0,60600.0,61100.0,4833737
2025-08-19,57788.9140625,60500.0,61200.0,60400.0,60800.0,5280509
2025-08-20,57311.3203125,60000.0,60900.0,59600.0,60500.0,6346136
2025-08-21,57406.83984375,60100.0,60900.0,59600.0,60100.0,6616129
2025-08-22,56069.578125,58700.0,59900.0,58500.0,59800.0,7210343
2025-08-25,56069.578125,58700.0,59600.0,58700.0,58900.0,3363985
2025-08-26,57024.765625,59700.0,60100.0,58500.0,58600.0,2994293
2025-08-27,57788.9140625,60500.0,61200.0,59500.0,59700.0,4854223
2025-08-28,58266.51171875,61000.0,61500.0,60700.0,61000.0,4283449
2025-08-29,57597.87890625,60300.0,61300.0,60300.0,61300.0,4170598
2025-09-03,58744.10546875,61500.0,61500.0,60300.0,60300.0,4773459
2025-09-04,59030.66015625,61800.0,62500.0,61500.0,61700.0,4233882
2025-09-05,58170.9921875,60900.0,62000.0,60900.0,61900.0,5320365
2025-09-08,57884.43359375,60600.0,61900.0,60600.0,60900.0,7138677
2025-09-09,57597.87890625,60300.0,61000.0,60100.0,60600.0,3522635
2025-09-10,57120.28515625,59800.0,60600.0,59700.0,60500.0,3492098
2025-09-11,58457.546875,61200.0,61200.0,59400.0,59800.0,5165742
2025-09-12,60367.92578125,63200.0,63500.0,61000.0,61300.0,13992330
2025-09-15,60272.40625,63100.0,63500.0,62800.0,63400.0,3536437
2025-09-16,61800.70703125,64700.0,65400.0,63200.0,63500.0,12830310
2025-09-17,62182.78515625,65100.0,66200.0,64800.0,64800.0,9878693
2025-09-18,60750.0,63600.0,65300.0,63500.0,65100.0,5070426
2025-09-19,59221.69921875,62000.0,63900.0,62000.0,63800.0,5309807
2025-09-22,58648.5859375,61400.0,62800.0,61400.0,62100.0,5294211
2025-09-23,58839.625,61600.0,62500.0,61500.0,61500.0,3431691
2025-09-24,59221.69921875,62000.0,62000.0,61000.0,61900.0,3219465
2025-09-25,58744.10546875,61500.0,62400.0,61500.0,62300.0,2757739
2025-09-26,58362.02734375,61100.0,61800.0,61100.0,61500.0,2494919
2025-09-29,57597.87890625,60300.0,61200.0,60200.0,61100.0,5141232
2025-09-30,57311.3203125,60000.0,60800.0,60000.0,60400.0,3112607
2025-10-01,59317.21875,62100.0,62500.0,60200.0,60700.0,4530998
2025-10-02,58457.546875,61200.0,62600.0,61200.0,62500.0,3409526
2025-10-03,58553.06640625,61300.0,62300.0,61200.0,61300.0,4003694
2025-10-06,59603.7734375,62400.0,62700.0,61800.0,62700.0,4058047
2025-10-07,58648.5859375,61400.0,62700.0,61400.0,62700.0,3722157
2025-10-08,60558.96484375,63400.0,63500.0,61700.0,62300.0,5927644
2025-10-09,60081.3671875,62900.0,63500.0,62600.0,63400.0,3303747
2025-10-10,59603.7734375,62400.0,63400.0,62400.0,63400.0,4980079
2025-10-13,61132.078125,64000.0,64100.0,61800.0,62200.0,6314936
2025-10-14,60654.48046875,63500.0,64400.0,63300.0,64400.0,5368265
2025-10-15,60750.0,63600.0,64400.0,63600.0,63800.0,4653477
2025-10-16,61200.0,61200.0,61200.0,60200.0,60800.0,5180885
2025-10-17,58800.0,58800.0,61200.0,58800.0,61000.0,6200477
2025-10-20,55000.0,55000.0,59400.0,55000.0,58900.0,8762669
2025-10-21,56500.0,56500.0,58000.0,56100.0,56100.0,7079112
